#
# SQL Export
# Created by Querious (1002)
# Created: December 4, 2015 at 2:40:32 PM MST
# Encoding: Unicode (UTF-8)
#


DROP TABLE IF EXISTS `state`;
DROP TABLE IF EXISTS `site_user_project`;
DROP TABLE IF EXISTS `site_user_group`;
DROP TABLE IF EXISTS `site_user`;
DROP TABLE IF EXISTS `section_item`;
DROP TABLE IF EXISTS `section_detail`;
DROP TABLE IF EXISTS `section`;
DROP TABLE IF EXISTS `schedule_item`;
DROP TABLE IF EXISTS `schedule`;
DROP TABLE IF EXISTS `project`;
DROP TABLE IF EXISTS `partner`;
DROP TABLE IF EXISTS `item_group`;
DROP TABLE IF EXISTS `estimate_item`;
DROP TABLE IF EXISTS `estimate_detail`;
DROP TABLE IF EXISTS `estimate`;
DROP TABLE IF EXISTS `draw_request_item`;
DROP TABLE IF EXISTS `draw_request`;
DROP TABLE IF EXISTS `company`;
DROP TABLE IF EXISTS `account_type`;
DROP TABLE IF EXISTS `account_speciality_link`;
DROP TABLE IF EXISTS `account_speciality`;


CREATE TABLE `account_speciality` (
  `id` int(11) unsigned NOT NULL AUTO_INCREMENT,
  `account_type_id` int(11) unsigned NOT NULL,
  `name` varchar(100) NOT NULL,
  PRIMARY KEY (`id`)
) ENGINE=InnoDB AUTO_INCREMENT=21 DEFAULT CHARSET=latin1;


CREATE TABLE `account_speciality_link` (
  `id` int(11) NOT NULL AUTO_INCREMENT,
  `company_id` int(11) unsigned NOT NULL DEFAULT '0',
  `account_speciality_id` int(11) unsigned NOT NULL DEFAULT '0',
  PRIMARY KEY (`id`)
) ENGINE=InnoDB DEFAULT CHARSET=utf8;


CREATE TABLE `account_type` (
  `id` int(11) unsigned NOT NULL AUTO_INCREMENT,
  `name` varchar(255) NOT NULL,
  PRIMARY KEY (`id`)
) ENGINE=InnoDB AUTO_INCREMENT=6 DEFAULT CHARSET=latin1;


CREATE TABLE `company` (
  `id` int(11) unsigned NOT NULL AUTO_INCREMENT,
  `public_id` varchar(24) NOT NULL,
  `account_type_id` int(11) unsigned NOT NULL,
  `account_speciality_id` int(11) unsigned DEFAULT NULL,
  `name` varchar(255) NOT NULL,
  `contact_name` varchar(128) DEFAULT NULL,
  `address` varchar(255) DEFAULT NULL,
  `city` varchar(50) NOT NULL DEFAULT '',
  `state` varchar(2) NOT NULL DEFAULT '',
  `zip` varchar(10) NOT NULL DEFAULT '',
  `phone` varchar(50) DEFAULT NULL,
  `fax` varchar(50) DEFAULT NULL,
  `email` varchar(100) DEFAULT NULL,
  `license_number` varchar(200) NOT NULL DEFAULT '',
  `logo` varchar(255) DEFAULT NULL,
  `datetime_created` datetime NOT NULL DEFAULT '0000-00-00 00:00:00',
  `datetime_modified` datetime NOT NULL DEFAULT '0000-00-00 00:00:00',
  `user_created` int(11) NOT NULL DEFAULT '0',
  `user_modified` int(11) NOT NULL DEFAULT '0',
  PRIMARY KEY (`id`)
) ENGINE=InnoDB AUTO_INCREMENT=13 DEFAULT CHARSET=latin1;


CREATE TABLE `draw_request` (
  `id` int(11) NOT NULL AUTO_INCREMENT,
  `public_id` varchar(14) NOT NULL DEFAULT '',
  `project_id` int(11) unsigned NOT NULL DEFAULT '0',
  `draw_amount` decimal(13,2) DEFAULT '0.00',
  `status` enum('Pending','Submitted','Paid') DEFAULT 'Pending',
  `datetime_created` datetime NOT NULL DEFAULT '0000-00-00 00:00:00',
  `datetime_modified` date NOT NULL DEFAULT '0000-00-00',
  `datetime_submitted` datetime DEFAULT NULL,
  `user_created` int(11) unsigned NOT NULL DEFAULT '0',
  `user_modified` int(11) unsigned NOT NULL DEFAULT '0',
  PRIMARY KEY (`id`)
) ENGINE=InnoDB DEFAULT CHARSET=utf8;


CREATE TABLE `draw_request_item` (
  `id` int(11) unsigned NOT NULL AUTO_INCREMENT,
  `draw_request_id` int(11) unsigned NOT NULL DEFAULT '0',
  `payee_id` int(11) unsigned NOT NULL DEFAULT '0',
  `estimate_item_id` int(11) unsigned NOT NULL DEFAULT '0',
  `amount` decimal(13,2) NOT NULL DEFAULT '0.00',
  PRIMARY KEY (`id`)
) ENGINE=InnoDB DEFAULT CHARSET=utf8;


CREATE TABLE `estimate` (
  `id` int(11) unsigned NOT NULL AUTO_INCREMENT,
  `project_id` int(11) NOT NULL,
  `section_id` int(11) NOT NULL DEFAULT '0',
  `estimated_cost` decimal(13,2) DEFAULT '0.00',
  `actual_cost` decimal(13,2) DEFAULT '0.00',
  PRIMARY KEY (`id`)
) ENGINE=InnoDB AUTO_INCREMENT=121 DEFAULT CHARSET=utf8;


CREATE TABLE `estimate_detail` (
  `id` int(11) DEFAULT NULL,
  `section_detail_id` int(11) NOT NULL DEFAULT '0',
  `description` varchar(255) DEFAULT NULL,
  `type` varchar(128) DEFAULT NULL,
  `count` int(11) DEFAULT '0',
  `length` decimal(13,2) DEFAULT '0.00',
  `width` decimal(13,2) DEFAULT '0.00',
  `height` decimal(13,2) DEFAULT '0.00',
  `depth` decimal(13,2) DEFAULT '0.00',
  `cost_per_item` decimal(13,2) DEFAULT '0.00',
  `estimated_cost` decimal(13,2) DEFAULT '0.00',
  `actual_cost` decimal(13,2) DEFAULT '0.00',
  `datetime_created` datetime NOT NULL DEFAULT '0000-00-00 00:00:00',
  `datetime_modified` datetime NOT NULL DEFAULT '0000-00-00 00:00:00',
  `user_created` varchar(11) DEFAULT NULL,
  `user_modified` varchar(11) DEFAULT NULL
) ENGINE=InnoDB DEFAULT CHARSET=utf8;


CREATE TABLE `estimate_item` (
  `id` int(11) unsigned NOT NULL AUTO_INCREMENT,
  `public_id` varchar(32) NOT NULL DEFAULT '',
  `project_id` int(11) unsigned NOT NULL,
  `partner_id` int(11) unsigned DEFAULT NULL,
  `estimate_file` varchar(255) DEFAULT NULL,
  `section_item_id` int(11) unsigned DEFAULT NULL,
  `estimated_cost` decimal(13,2) DEFAULT NULL,
  `actual_cost` decimal(13,2) DEFAULT NULL,
  `datetime_created` datetime NOT NULL DEFAULT '0000-00-00 00:00:00',
  `datetime_modified` datetime NOT NULL DEFAULT '0000-00-00 00:00:00',
  `user_created` int(11) DEFAULT '0',
  `user_modified` int(11) DEFAULT '0',
  PRIMARY KEY (`id`)
) ENGINE=InnoDB AUTO_INCREMENT=1880 DEFAULT CHARSET=utf8;


CREATE TABLE `item_group` (
  `id` int(11) unsigned NOT NULL AUTO_INCREMENT,
  `name` varchar(255) NOT NULL DEFAULT '',
  `description` varchar(255) NOT NULL DEFAULT '',
  PRIMARY KEY (`id`)
) ENGINE=InnoDB AUTO_INCREMENT=8 DEFAULT CHARSET=utf8;


CREATE TABLE `partner` (
  `builder_id` int(10) unsigned NOT NULL,
  `partner_id` int(11) unsigned NOT NULL
) ENGINE=InnoDB DEFAULT CHARSET=utf8;


CREATE TABLE `project` (
  `id` int(11) unsigned NOT NULL AUTO_INCREMENT,
  `public_id` varchar(24) NOT NULL,
  `company_id` int(11) unsigned NOT NULL,
  `name` varchar(255) NOT NULL,
  `project_number` int(11) DEFAULT NULL,
  `payment_type` varchar(255) NOT NULL DEFAULT '',
  `overhead` decimal(13,2) DEFAULT NULL,
  `contingency` decimal(13,2) DEFAULT NULL,
  `margin` decimal(13,2) DEFAULT NULL,
  `estimated_cost` decimal(13,2) DEFAULT '0.00',
  `actual_cost` decimal(13,2) DEFAULT '0.00',
  `state` int(11) DEFAULT NULL,
  `start_date` date DEFAULT NULL,
  `end_date` date DEFAULT NULL,
  `basement_sq_ft` int(11) DEFAULT '0',
  `main_floor_sq_ft` int(11) DEFAULT '0',
  `upper_floor_sq_ft` int(11) DEFAULT '0',
  `garage_sq_ft` int(11) DEFAULT '0',
  `plan_filename` varchar(255) DEFAULT NULL,
  `owner_email` varchar(128) DEFAULT NULL,
  `bank_email` varchar(128) DEFAULT NULL,
  `status` enum('Pending','Active','Lost','Completed') NOT NULL DEFAULT 'Pending',
  `datetime_created` datetime NOT NULL DEFAULT '0000-00-00 00:00:00',
  `datetime_modified` datetime NOT NULL DEFAULT '0000-00-00 00:00:00',
  `user_created` int(11) NOT NULL DEFAULT '0',
  `user_modified` int(11) NOT NULL DEFAULT '0',
  PRIMARY KEY (`id`)
) ENGINE=InnoDB AUTO_INCREMENT=45 DEFAULT CHARSET=latin1;


CREATE TABLE `schedule` (
  `id` int(11) unsigned NOT NULL AUTO_INCREMENT,
  `public_id` varchar(32) NOT NULL DEFAULT '',
  `project_id` int(11) NOT NULL,
  PRIMARY KEY (`id`)
) ENGINE=InnoDB DEFAULT CHARSET=utf8;


CREATE TABLE `schedule_item` (
  `id` int(11) unsigned NOT NULL AUTO_INCREMENT,
  `public_id` varchar(32) NOT NULL DEFAULT '',
  `schedule_id` int(11) NOT NULL,
  `partner_id` int(11) DEFAULT NULL,
  `section_item_id` int(11) NOT NULL,
  `datetime_start` datetime NOT NULL,
  `datetime_end` datetime DEFAULT NULL,
  `datetime_created` datetime NOT NULL DEFAULT '0000-00-00 00:00:00',
  `datetime_modified` datetime NOT NULL DEFAULT '0000-00-00 00:00:00',
  PRIMARY KEY (`id`)
) ENGINE=InnoDB DEFAULT CHARSET=utf8;


CREATE TABLE `section` (
  `id` int(11) unsigned NOT NULL AUTO_INCREMENT,
  `item_group_id` int(11) unsigned NOT NULL,
  `section_order` int(11) DEFAULT NULL,
  `name` varchar(255) NOT NULL DEFAULT '',
  `description` varchar(255) NOT NULL DEFAULT '',
  PRIMARY KEY (`id`)
) ENGINE=InnoDB AUTO_INCREMENT=41 DEFAULT CHARSET=utf8;


CREATE TABLE `section_detail` (
  `id` int(11) unsigned NOT NULL AUTO_INCREMENT,
  `section_item_id` int(11) NOT NULL,
  `section_detail_order` int(11) DEFAULT NULL,
  `name` varchar(255) NOT NULL DEFAULT '',
  `description` varchar(255) NOT NULL DEFAULT '',
  PRIMARY KEY (`id`)
) ENGINE=InnoDB AUTO_INCREMENT=22 DEFAULT CHARSET=utf8;


CREATE TABLE `section_item` (
  `id` int(11) unsigned NOT NULL AUTO_INCREMENT,
  `section_id` int(11) unsigned NOT NULL,
  `section_item_order` int(11) DEFAULT NULL,
  `name` varchar(255) NOT NULL DEFAULT '',
  `description` varchar(255) NOT NULL DEFAULT '',
  PRIMARY KEY (`id`)
) ENGINE=InnoDB AUTO_INCREMENT=106 DEFAULT CHARSET=utf8;


CREATE TABLE `site_user` (
  `id` int(11) unsigned NOT NULL AUTO_INCREMENT,
  `public_id` varchar(24) NOT NULL,
  `company_id` int(11) unsigned DEFAULT NULL,
  `group_id` int(11) unsigned NOT NULL,
  `account_type_id` int(11) unsigned NOT NULL DEFAULT '2',
  `last_name` varchar(100) NOT NULL,
  `first_name` varchar(100) NOT NULL,
  `phone` varchar(50) DEFAULT NULL,
  `address` varchar(255) DEFAULT NULL,
  `city` varchar(255) DEFAULT '',
  `state` varchar(255) DEFAULT '',
  `zip` varchar(255) NOT NULL DEFAULT '',
  `email` varchar(100) NOT NULL DEFAULT '',
  `password` varchar(150) NOT NULL,
  `terms` tinyint(1) NOT NULL DEFAULT '0',
  `privacy` tinyint(1) NOT NULL DEFAULT '0',
  `verified` tinyint(1) NOT NULL DEFAULT '0',
  `datetime_created` datetime NOT NULL DEFAULT '0000-00-00 00:00:00',
  `datetime_modified` datetime NOT NULL DEFAULT '0000-00-00 00:00:00',
  PRIMARY KEY (`id`)
) ENGINE=InnoDB AUTO_INCREMENT=47 DEFAULT CHARSET=latin1;


CREATE TABLE `site_user_group` (
  `id` int(11) unsigned NOT NULL AUTO_INCREMENT,
  `name` varchar(100) NOT NULL,
  PRIMARY KEY (`id`)
) ENGINE=InnoDB AUTO_INCREMENT=4 DEFAULT CHARSET=latin1;


CREATE TABLE `site_user_project` (
  `user_id` int(11) unsigned NOT NULL,
  `project_id` int(11) unsigned NOT NULL
) ENGINE=InnoDB DEFAULT CHARSET=latin1;


CREATE TABLE `state` (
  `id` int(11) unsigned NOT NULL AUTO_INCREMENT,
  `abbr` varchar(4) NOT NULL DEFAULT '',
  `desc` varchar(50) NOT NULL DEFAULT '',
  `tax_rate` decimal(13,2) NOT NULL DEFAULT '1.00',
  PRIMARY KEY (`id`)
) ENGINE=InnoDB AUTO_INCREMENT=4 DEFAULT CHARSET=utf8;




SET @PREVIOUS_FOREIGN_KEY_CHECKS = @@FOREIGN_KEY_CHECKS;
SET FOREIGN_KEY_CHECKS = 0;


LOCK TABLES `account_speciality` WRITE;
ALTER TABLE `account_speciality` DISABLE KEYS;
INSERT INTO `account_speciality` (`id`, `account_type_id`, `name`) VALUES 
	(1,2,'Framing'),
	(2,2,'Electrical'),
	(3,2,'Drywall'),
	(4,2,'Plumbing'),
	(5,2,'Landscaping'),
	(6,2,'Interior Finish'),
	(7,2,'Concrete Foundation'),
	(8,2,'Concrete Flatwork'),
	(9,2,'Insulation'),
	(10,2,'HVAC'),
	(11,2,'Excavation'),
	(12,3,'Central Vacuum'),
	(13,2,'Networking'),
	(14,3,'Sound System'),
	(15,2,'Cabinets'),
	(16,3,'Countertops'),
	(17,3,'Flooring'),
	(18,3,'Rough Lumber'),
	(19,3,'Windows'),
	(20,3,'Doors');
ALTER TABLE `account_speciality` ENABLE KEYS;
UNLOCK TABLES;


LOCK TABLES `account_speciality_link` WRITE;
ALTER TABLE `account_speciality_link` DISABLE KEYS;
ALTER TABLE `account_speciality_link` ENABLE KEYS;
UNLOCK TABLES;


LOCK TABLES `account_type` WRITE;
ALTER TABLE `account_type` DISABLE KEYS;
INSERT INTO `account_type` (`id`, `name`) VALUES 
	(1,'Builder'),
	(2,'Contractor'),
	(3,'Supplier'),
	(4,'Realtor'),
	(5,'Lendor');
ALTER TABLE `account_type` ENABLE KEYS;
UNLOCK TABLES;


LOCK TABLES `company` WRITE;
ALTER TABLE `company` DISABLE KEYS;
INSERT INTO `company` (`id`, `public_id`, `account_type_id`, `account_speciality_id`, `name`, `contact_name`, `address`, `city`, `state`, `zip`, `phone`, `fax`, `email`, `license_number`, `logo`, `datetime_created`, `datetime_modified`, `user_created`, `user_modified`) VALUES 
	(1,'D9YKsyFl',1,NULL,'Timberline Building Company',NULL,'2632 SW 3 1/2 Ave','Fruitland','ID','83619','(208) 740-3224','(208) 740-3026','info@builtbytimberline.com','RCE-11353',NULL,'2014-10-29 22:37:17','2014-10-29 22:37:17',2,2),
	(8,'JxxDEYTDXiVt',2,11,'L&M Excavation',NULL,'','New Plymouth','ID','','','','larry@test.com','',NULL,'2013-09-04 22:34:51','2013-09-04 22:34:51',0,0),
	(9,'IOAKNhwRhYoz',2,11,'Hard Rock Excavation',NULL,'','Boise','ID','','','','another@test.com','',NULL,'2013-09-04 22:35:10','2013-09-04 22:35:10',0,0),
	(11,'ydzSkEGKuLeY',2,3,'Pannell\'s Drywall Express',NULL,'500 N. 42nd St.','Nampa','ID','83687','(208) 442-6888','','drywallexpress@yahoo.com','RCT-2152',NULL,'2013-09-04 23:00:32','2013-09-04 23:00:32',0,0),
	(12,'gOGwcmzGUZBn',3,18,'Franklin Building Supply',NULL,'1200 N. Whitley Dr.','Fruitland','ID','83619','','','','',NULL,'2014-07-26 17:18:16','2014-07-26 17:18:16',0,0);
ALTER TABLE `company` ENABLE KEYS;
UNLOCK TABLES;


LOCK TABLES `draw_request` WRITE;
ALTER TABLE `draw_request` DISABLE KEYS;
ALTER TABLE `draw_request` ENABLE KEYS;
UNLOCK TABLES;


LOCK TABLES `draw_request_item` WRITE;
ALTER TABLE `draw_request_item` DISABLE KEYS;
ALTER TABLE `draw_request_item` ENABLE KEYS;
UNLOCK TABLES;


LOCK TABLES `estimate` WRITE;
ALTER TABLE `estimate` DISABLE KEYS;
INSERT INTO `estimate` (`id`, `project_id`, `section_id`, `estimated_cost`, `actual_cost`) VALUES 
	(16,34,1,100.00,44.84),
	(17,34,2,4352.25,2614.75),
	(18,34,36,15000.00,0.00),
	(19,34,40,900.00,277.10),
	(20,34,3,10250.00,7080.00),
	(21,34,4,33618.65,30475.20),
	(22,34,5,43729.89,46564.63),
	(23,34,6,10068.89,1746.88),
	(24,34,7,13830.00,9288.00),
	(25,34,8,11920.00,7640.00),
	(26,34,9,19641.00,0.00),
	(27,34,10,480.00,480.00),
	(28,34,11,0.00,NULL),
	(29,34,12,0.00,NULL),
	(30,34,13,3200.00,0.00),
	(31,34,14,15581.42,0.00),
	(32,34,15,9360.40,0.00),
	(33,34,16,6634.40,0.00),
	(34,34,17,6528.00,0.00),
	(35,34,18,1330.00,0.00),
	(36,34,26,4856.00,0.00),
	(37,34,27,8200.34,0.00),
	(38,34,28,741.53,0.00),
	(39,34,29,754.93,0.00),
	(40,34,33,0.00,NULL),
	(41,34,34,0.00,4662.82),
	(42,34,35,0.00,NULL),
	(43,34,37,0.00,NULL),
	(44,34,19,0.00,NULL),
	(45,34,20,0.00,NULL),
	(46,34,21,11862.44,14239.81),
	(47,34,22,0.00,NULL),
	(48,34,23,6910.00,0.00),
	(49,34,24,1250.00,0.00),
	(50,34,39,0.00,NULL),
	(51,44,1,3650.00,0.00),
	(52,44,2,14800.00,0.00),
	(53,44,36,0.00,NULL),
	(54,44,40,770.00,0.00),
	(55,44,3,6500.00,0.00),
	(56,44,4,26386.00,0.00),
	(57,44,5,55000.00,0.00),
	(58,44,6,12200.00,0.00),
	(59,44,7,30000.00,0.00),
	(60,44,8,50000.00,0.00),
	(61,44,9,50000.00,0.00),
	(62,44,10,0.00,NULL),
	(63,44,11,0.00,NULL),
	(64,44,12,0.00,NULL),
	(65,44,13,0.00,NULL),
	(66,44,14,0.00,NULL),
	(67,44,15,0.00,NULL),
	(68,44,16,6000.00,NULL),
	(69,44,17,0.00,NULL),
	(70,44,18,0.00,NULL),
	(71,44,26,12000.00,NULL),
	(72,44,27,0.00,NULL),
	(73,44,28,0.00,NULL),
	(74,44,29,0.00,NULL),
	(75,44,19,0.00,NULL),
	(76,44,20,0.00,NULL),
	(77,44,21,12000.00,0.00),
	(78,44,22,0.00,NULL),
	(79,44,23,26000.00,0.00),
	(80,44,24,0.00,NULL),
	(81,44,39,0.00,NULL),
	(82,44,33,0.00,NULL),
	(83,44,34,0.00,NULL),
	(84,44,35,0.00,NULL),
	(85,44,37,0.00,NULL),
	(86,39,1,100.00,0.00),
	(87,39,2,2950.00,0.00),
	(88,39,36,0.00,NULL),
	(89,39,40,1000.00,0.00),
	(90,39,3,5800.00,0.00),
	(91,39,4,11561.25,0.00),
	(92,39,5,14410.00,0.00),
	(93,39,6,7600.00,0.00),
	(94,39,7,10200.00,NULL),
	(95,39,8,20000.00,NULL),
	(96,39,9,57076.00,NULL),
	(97,39,10,0.00,NULL),
	(98,39,11,0.00,NULL),
	(99,39,12,0.00,NULL),
	(100,39,13,0.00,NULL),
	(101,39,14,5800.00,NULL),
	(102,39,15,5700.00,NULL),
	(103,39,16,10150.00,NULL),
	(104,39,17,0.00,NULL),
	(105,39,18,0.00,NULL),
	(106,39,26,1805.00,NULL),
	(107,39,27,0.00,NULL),
	(108,39,28,0.00,NULL),
	(109,39,29,0.00,NULL),
	(110,39,19,2190.00,NULL),
	(111,39,20,0.00,NULL),
	(112,39,21,10400.00,NULL),
	(113,39,22,0.00,NULL),
	(114,39,23,17500.00,NULL),
	(115,39,24,0.00,NULL),
	(116,39,39,0.00,NULL),
	(117,39,33,0.00,NULL),
	(118,39,34,0.00,0.00),
	(119,39,35,0.00,NULL),
	(120,39,37,0.00,NULL);
ALTER TABLE `estimate` ENABLE KEYS;
UNLOCK TABLES;


LOCK TABLES `estimate_detail` WRITE;
ALTER TABLE `estimate_detail` DISABLE KEYS;
ALTER TABLE `estimate_detail` ENABLE KEYS;
UNLOCK TABLES;


LOCK TABLES `estimate_item` WRITE;
ALTER TABLE `estimate_item` DISABLE KEYS;
INSERT INTO `estimate_item` (`id`, `public_id`, `project_id`, `partner_id`, `estimate_file`, `section_item_id`, `estimated_cost`, `actual_cost`, `datetime_created`, `datetime_modified`, `user_created`, `user_modified`) VALUES 
	(942,'MqVJibjUdqVw',34,NULL,NULL,1,0.00,0.00,'2014-10-27 15:41:41','2014-11-04 11:50:34',2,2),
	(943,'tobuoCfMZCyu',34,NULL,NULL,2,0.00,0.00,'2014-10-27 15:41:41','2014-11-04 11:50:34',2,2),
	(944,'LpBVFkBYPLJu',34,NULL,NULL,3,100.00,44.84,'2014-10-27 15:41:41','2014-11-04 11:50:34',2,2),
	(945,'szBlfeFuUonv',34,NULL,NULL,4,1889.75,1889.75,'2014-10-27 15:41:41','2014-11-04 11:50:34',2,2),
	(946,'MtsgTpprvOjs',34,NULL,NULL,5,700.00,700.00,'2014-10-27 15:41:41','2014-11-04 11:50:34',2,2),
	(947,'IDOcjOeSXtss',34,NULL,NULL,6,0.00,0.00,'2014-10-27 15:41:41','2014-11-04 11:50:34',2,2),
	(948,'ApPPwKzzYBLF',34,NULL,NULL,7,500.00,90.70,'2014-10-27 15:41:41','2014-11-04 11:50:34',2,2),
	(949,'OctQcOhyzfMD',34,NULL,NULL,8,0.00,0.00,'2014-10-27 15:41:41','2014-11-04 11:50:34',2,2),
	(950,'lbYNIHFuyUrP',34,NULL,NULL,9,422.50,0.00,'2014-10-27 15:41:41','2014-11-04 11:50:34',2,2),
	(951,'xgpddVvpEmpy',34,NULL,NULL,10,250.00,0.00,'2014-10-27 15:41:41','2014-11-04 11:50:34',2,2),
	(952,'bvYvnNbjvLvL',34,NULL,NULL,11,400.00,186.40,'2014-10-27 15:41:41','2014-11-04 11:50:34',2,2),
	(953,'gcbmPFudEGzB',34,NULL,NULL,89,10000.00,0.00,'2014-10-27 15:41:41','2014-11-04 11:50:34',2,2),
	(954,'hbBxmmFMArdH',34,NULL,NULL,90,5000.00,0.00,'2014-10-27 15:41:41','2014-11-04 11:50:34',2,2),
	(955,'ptQghlcvLLHz',34,NULL,NULL,26,4056.73,0.00,'2014-10-27 16:20:48','2014-11-04 11:52:27',2,2),
	(956,'lOGQkBjAEYei',34,NULL,NULL,22,13128.00,13728.00,'2014-10-27 16:20:48','2014-11-04 11:52:27',2,2),
	(957,'vpvIBsIrghCG',34,NULL,NULL,61,4500.00,5100.00,'2014-10-27 22:43:06','2014-11-05 08:22:39',2,2),
	(958,'BWzeMsMqQDkj',34,NULL,NULL,63,0.00,0.00,'2014-10-27 22:43:06','2014-11-05 08:22:39',2,2),
	(959,'fuyroBXbrJgX',34,NULL,NULL,25,1840.00,0.00,'2014-10-27 16:20:48','2014-11-04 11:52:27',2,2),
	(960,'ABiYcybItVYq',34,NULL,NULL,27,13830.00,9288.00,'2014-10-27 19:48:05','2014-11-04 11:12:13',2,2),
	(961,'AHnGqcCULVtS',34,NULL,NULL,65,6910.00,0.00,'2014-10-27 22:43:06','2014-11-05 08:22:39',2,2),
	(962,'HGuBAugmdCFT',34,NULL,NULL,66,0.00,0.00,'2014-10-27 22:43:06','2014-11-05 08:22:39',2,2),
	(963,'dtekQhUnvhUJ',34,NULL,NULL,51,4698.22,0.00,'2014-10-27 19:48:19','2014-11-04 11:54:56',2,2),
	(964,'ZXdGnJJEFLZV',34,NULL,NULL,53,3982.40,0.00,'2014-10-27 19:48:19','2014-11-04 11:54:56',2,2),
	(965,'sePVVFLAwznz',34,NULL,NULL,54,2652.00,0.00,'2014-10-27 19:48:19','2014-11-04 11:54:56',2,2),
	(966,'qcltxeXSZKws',34,NULL,NULL,12,8000.00,5286.00,'2014-10-27 16:20:48','2014-11-04 11:52:27',2,2),
	(967,'XqHiAkNXwOlf',34,NULL,NULL,14,2000.00,1794.00,'2014-10-27 16:20:48','2014-11-04 11:52:27',2,2),
	(968,'JyPHbbimvXIw',34,NULL,NULL,15,250.00,0.00,'2014-10-27 16:20:48','2014-11-04 11:52:27',2,2),
	(969,'qQDmWovyhqJj',34,NULL,NULL,44,1200.00,0.00,'2014-10-27 19:48:05','2014-11-04 11:12:13',2,2),
	(970,'yPSvcyheYrtb',34,NULL,NULL,45,800.00,0.00,'2014-10-27 19:48:05','2014-11-04 11:12:13',2,2),
	(971,'yEWdjcUWWUIh',34,NULL,NULL,46,800.00,0.00,'2014-10-27 19:48:05','2014-11-04 11:12:13',2,2),
	(972,'fHvgqtjdnmtl',34,NULL,NULL,47,400.00,0.00,'2014-10-27 19:48:05','2014-11-04 11:12:13',2,2),
	(973,'EuKEcHldcCAs',34,NULL,NULL,48,0.00,0.00,'2014-10-27 19:48:05','2014-11-04 11:12:13',2,2),
	(974,'pXgwYjRBZJmG',34,NULL,NULL,30,9920.00,7640.00,'2014-10-27 19:48:05','2014-11-04 11:12:13',2,2),
	(975,'tiTCnonOBZFN',34,NULL,NULL,31,2000.00,0.00,'2014-10-27 19:48:05','2014-11-04 11:12:13',2,2),
	(976,'UfvgkuRVmLMP',34,NULL,NULL,67,1250.00,0.00,'2014-10-27 22:43:06','2014-11-05 08:22:39',2,2),
	(977,'ludwIiUJZzqg',34,NULL,NULL,80,0.00,0.00,'2014-10-27 19:48:21','2014-10-31 11:12:56',2,2),
	(978,'fKZDTxFeXMqk',34,NULL,NULL,81,0.00,0.00,'2014-10-27 19:48:21','2014-10-31 11:12:56',2,2),
	(979,'gOYWfbxyFAeV',34,NULL,NULL,82,0.00,0.00,'2014-10-27 19:48:21','2014-10-31 11:12:56',2,2),
	(980,'ycbcDiQIerNY',34,NULL,NULL,83,0.00,0.00,'2014-10-27 19:48:21','2014-10-31 11:12:56',2,2),
	(981,'AKoZBoMgLVtM',34,NULL,NULL,91,0.00,0.00,'2014-10-27 19:48:21','2014-10-31 11:12:56',2,2),
	(982,'QsBWcmTRMdFb',34,NULL,NULL,87,0.00,0.00,'2014-10-27 19:48:21','2014-10-31 11:12:56',2,2),
	(983,'tQnoMxcnGjPH',34,NULL,NULL,70,400.00,0.00,'2014-10-27 19:48:19','2014-11-04 11:54:56',2,2),
	(984,'YwioLFjzUOIT',34,NULL,NULL,71,0.00,0.00,'2014-10-27 19:48:19','2014-11-04 11:54:56',2,2),
	(985,'ToGmPGUJAzzo',34,NULL,NULL,72,341.53,0.00,'2014-10-27 19:48:19','2014-11-04 11:54:56',2,2),
	(986,'iYYhVIwnfbwb',34,NULL,NULL,88,0.00,0.00,'2014-10-27 19:48:19','2014-11-04 11:54:56',2,2),
	(987,'RcvcVfNbSPHn',34,NULL,NULL,73,754.93,0.00,'2014-10-27 19:48:19','2014-11-04 11:54:56',2,2),
	(988,'wyoGAkAfSbjF',34,NULL,NULL,52,4662.18,0.00,'2014-10-27 19:48:19','2014-11-04 11:54:56',2,2),
	(989,'fHLlqbSGuBES',34,NULL,NULL,55,6528.00,0.00,'2014-10-27 19:48:19','2014-11-04 11:54:56',2,2),
	(990,'dvMceZpxutiH',34,NULL,NULL,16,16791.00,16791.00,'2014-10-27 16:20:48','2014-11-04 11:52:27',2,2),
	(991,'lKxjvjxQUgFb',34,NULL,NULL,18,5039.65,3208.20,'2014-10-27 16:20:48','2014-11-04 11:52:27',2,2),
	(992,'rsAHzQKOwoWo',34,NULL,NULL,50,9486.27,0.00,'2014-10-27 19:48:19','2014-11-04 11:54:56',2,2),
	(993,'osPrGrJmroqH',34,NULL,NULL,49,6095.15,0.00,'2014-10-27 19:48:19','2014-11-04 11:54:56',2,2),
	(994,'iVMookpoMzBF',34,NULL,NULL,20,17792.00,19149.44,'2014-10-27 16:20:48','2014-11-04 11:52:27',2,2),
	(995,'enGHCQssZCny',34,NULL,NULL,NULL,4535.37,0.00,'0000-00-00 00:00:00','0000-00-00 00:00:00',0,0),
	(996,'wXiLGxwNpjcM',34,NULL,NULL,NULL,8994.45,0.00,'0000-00-00 00:00:00','0000-00-00 00:00:00',0,0),
	(997,'cKBiMARcRZYN',34,NULL,NULL,NULL,4063.86,0.00,'0000-00-00 00:00:00','0000-00-00 00:00:00',0,0),
	(998,'ElzHJjCAIFDF',34,NULL,NULL,NULL,200.00,0.00,'0000-00-00 00:00:00','0000-00-00 00:00:00',0,0),
	(999,'iPbbVlBbpTSJ',34,NULL,NULL,62,7362.44,9139.81,'2014-10-27 22:43:06','2014-11-05 08:22:39',2,2),
	(1000,'oIGKLTOcrUrt',34,NULL,NULL,64,0.00,0.00,'2014-10-27 22:43:06','2014-11-05 08:22:39',2,2),
	(1001,'mSKeYXkUMXmF',34,NULL,NULL,23,2166.64,1296.38,'2014-10-27 16:20:48','2014-11-04 11:52:27',2,2),
	(1002,'DMFrBrEEBNne',34,NULL,NULL,24,2005.52,450.50,'2014-10-27 16:20:48','2014-11-04 11:52:27',2,2),
	(1003,'uOMXNUytNjTd',34,NULL,NULL,68,4856.00,0.00,'2014-10-27 19:48:19','2014-11-04 11:54:56',2,2),
	(1004,'oxXTYqQRdjhI',34,NULL,NULL,21,12809.89,13687.19,'2014-10-27 16:20:48','2014-11-04 11:52:27',2,2),
	(1005,'CYjHwVhCNtro',34,NULL,NULL,17,8588.00,8588.00,'2014-10-27 16:20:48','2014-11-04 11:52:27',2,2),
	(1006,'JbCwOMfrUluT',34,NULL,NULL,19,3200.00,1888.00,'2014-10-27 16:20:48','2014-11-04 11:52:27',2,2),
	(1007,'ZRRhkSqCclqo',34,NULL,NULL,69,3345.50,0.00,'2014-10-27 19:48:19','2014-11-04 11:54:56',2,2),
	(1008,'YzrWlILBEBBT',34,NULL,NULL,NULL,3729.23,0.00,'0000-00-00 00:00:00','0000-00-00 00:00:00',0,0),
	(1009,'MKxwujBxNgOj',34,NULL,NULL,NULL,3465.25,0.00,'0000-00-00 00:00:00','0000-00-00 00:00:00',0,0),
	(1010,'LpCRmXBXynbR',34,NULL,NULL,57,1330.00,0.00,'2014-10-27 19:48:19','2014-11-04 11:54:56',2,2),
	(1011,'ucdAQGCRZnVF',34,NULL,NULL,58,0.00,0.00,'2014-10-27 22:43:06','2014-11-05 08:22:39',2,2),
	(1012,'wtGOkeOPtHqG',34,NULL,NULL,NULL,1680.00,0.00,'0000-00-00 00:00:00','0000-00-00 00:00:00',0,0),
	(1013,'TvXhnZSvMwvi',34,NULL,NULL,32,19641.00,0.00,'2014-10-27 19:48:05','2014-11-04 11:12:13',2,2),
	(1016,'biSLFwilcbHt',34,NULL,NULL,34,0.00,0.00,'2014-10-27 19:48:05','2014-11-04 11:12:13',2,2),
	(1017,'IPFghmcjOnKH',34,NULL,NULL,92,0.00,0.00,'2014-10-27 19:48:21','2014-10-31 11:12:56',2,2),
	(1018,'NIvKokIwNJjV',34,NULL,NULL,93,0.00,0.00,'2014-10-27 19:48:21','2014-10-31 11:12:56',2,2),
	(1019,'WfJcXUiQQdDh',34,NULL,NULL,NULL,800.00,0.00,'0000-00-00 00:00:00','0000-00-00 00:00:00',0,0),
	(1020,'kuGteOgPSPjv',34,NULL,NULL,NULL,245.00,0.00,'0000-00-00 00:00:00','0000-00-00 00:00:00',0,0),
	(1021,'ulIcELiXhbib',34,NULL,NULL,NULL,565.00,0.00,'0000-00-00 00:00:00','0000-00-00 00:00:00',0,0),
	(1022,'oknQUmuwltuV',34,NULL,NULL,NULL,230.00,0.00,'0000-00-00 00:00:00','0000-00-00 00:00:00',0,0),
	(1023,'cwzRAwRTrjjY',34,NULL,NULL,84,0.00,0.00,'2014-10-27 19:48:21','2014-10-31 11:12:56',2,2),
	(1024,'HeRdJmfoPKIz',34,NULL,NULL,35,480.00,480.00,'2014-10-27 19:48:05','2014-11-04 11:12:13',2,2),
	(1025,'kiUttAgBtzXQ',35,NULL,NULL,1,0.00,0.00,'0000-00-00 00:00:00','0000-00-00 00:00:00',0,0),
	(1026,'lhEVGZSktnzm',35,NULL,NULL,2,2500.00,0.00,'0000-00-00 00:00:00','0000-00-00 00:00:00',0,0),
	(1027,'HZDVCJuKtLQz',35,NULL,NULL,3,100.00,0.00,'0000-00-00 00:00:00','0000-00-00 00:00:00',0,0),
	(1028,'VyADgKHcSEus',35,NULL,NULL,4,0.00,0.00,'0000-00-00 00:00:00','0000-00-00 00:00:00',0,0),
	(1029,'ptoVvjJIYLHE',35,NULL,NULL,5,0.00,0.00,'0000-00-00 00:00:00','0000-00-00 00:00:00',0,0),
	(1030,'WlHFPwYnKZuz',35,NULL,NULL,6,0.00,0.00,'0000-00-00 00:00:00','0000-00-00 00:00:00',0,0),
	(1031,'teXgptbuZEyB',35,NULL,NULL,7,0.00,0.00,'0000-00-00 00:00:00','0000-00-00 00:00:00',0,0),
	(1032,'tvDiOeSjhXsw',35,NULL,NULL,8,0.00,0.00,'0000-00-00 00:00:00','0000-00-00 00:00:00',0,0),
	(1033,'osBjfzePBgqi',35,NULL,NULL,9,250.00,0.00,'0000-00-00 00:00:00','0000-00-00 00:00:00',0,0),
	(1034,'xWvkInHXFwCZ',35,NULL,NULL,10,0.00,0.00,'0000-00-00 00:00:00','0000-00-00 00:00:00',0,0),
	(1035,'IYLYhBExZoPO',35,NULL,NULL,11,0.00,0.00,'0000-00-00 00:00:00','0000-00-00 00:00:00',0,0),
	(1036,'lcgEHbbsGfkY',35,NULL,NULL,89,0.00,0.00,'0000-00-00 00:00:00','0000-00-00 00:00:00',0,0),
	(1037,'JSoVrxCRgGZI',35,NULL,NULL,90,0.00,0.00,'0000-00-00 00:00:00','0000-00-00 00:00:00',0,0),
	(1038,'kTukSghAJpDN',35,NULL,NULL,12,1500.00,0.00,'0000-00-00 00:00:00','0000-00-00 00:00:00',0,0),
	(1039,'yhgxQecAyCPj',35,NULL,NULL,13,300.00,0.00,'0000-00-00 00:00:00','0000-00-00 00:00:00',0,0),
	(1040,'blElekqFUfzU',35,NULL,NULL,14,0.00,0.00,'0000-00-00 00:00:00','0000-00-00 00:00:00',0,0),
	(1041,'BVrtgUIvpSEd',35,NULL,NULL,15,0.00,0.00,'0000-00-00 00:00:00','0000-00-00 00:00:00',0,0),
	(1042,'vkiQUjePONeH',35,NULL,NULL,16,1235.00,0.00,'0000-00-00 00:00:00','0000-00-00 00:00:00',0,0),
	(1043,'yrYWGlEbGxfo',35,NULL,NULL,NULL,213.75,0.00,'0000-00-00 00:00:00','0000-00-00 00:00:00',0,0),
	(1044,'fquiwQbEyiYc',35,NULL,NULL,NULL,522.50,0.00,'0000-00-00 00:00:00','0000-00-00 00:00:00',0,0),
	(1045,'bigXejjNjwTi',35,NULL,NULL,NULL,500.00,0.00,'0000-00-00 00:00:00','0000-00-00 00:00:00',0,0),
	(1046,'kLxigAMiIpvc',35,NULL,NULL,NULL,0.00,0.00,'0000-00-00 00:00:00','0000-00-00 00:00:00',0,0),
	(1047,'jvrQwwpidtoU',35,NULL,NULL,17,663.00,0.00,'0000-00-00 00:00:00','0000-00-00 00:00:00',0,0),
	(1048,'cUOCnfwUMdBv',35,NULL,NULL,NULL,312.76,0.00,'0000-00-00 00:00:00','0000-00-00 00:00:00',0,0),
	(1049,'xAMckNDuNGPP',35,NULL,NULL,NULL,351.85,0.00,'0000-00-00 00:00:00','0000-00-00 00:00:00',0,0),
	(1050,'swhKfkvCLgzS',35,NULL,NULL,18,4095.00,0.00,'0000-00-00 00:00:00','0000-00-00 00:00:00',0,0),
	(1051,'ddykinNFDEiw',35,NULL,NULL,NULL,1680.00,0.00,'0000-00-00 00:00:00','0000-00-00 00:00:00',0,0),
	(1052,'tzPpnJEtVcQe',35,NULL,NULL,NULL,1680.00,0.00,'0000-00-00 00:00:00','0000-00-00 00:00:00',0,0),
	(1053,'JhPCQibgJekP',35,NULL,NULL,NULL,735.00,0.00,'0000-00-00 00:00:00','0000-00-00 00:00:00',0,0),
	(1054,'iYqQLhkwcpnp',35,NULL,NULL,19,4814.00,0.00,'0000-00-00 00:00:00','0000-00-00 00:00:00',0,0),
	(1055,'GxuOlzHxWBnh',35,NULL,NULL,NULL,1975.31,0.00,'0000-00-00 00:00:00','0000-00-00 00:00:00',0,0),
	(1056,'SfPowMzSIcUb',35,NULL,NULL,NULL,1975.31,0.00,'0000-00-00 00:00:00','0000-00-00 00:00:00',0,0),
	(1057,'OIrjqjujumgT',35,NULL,NULL,NULL,864.20,0.00,'0000-00-00 00:00:00','0000-00-00 00:00:00',0,0),
	(1058,'pJlCOXvSnQiR',35,NULL,NULL,20,5910.00,0.00,'0000-00-00 00:00:00','0000-00-00 00:00:00',0,0),
	(1059,'DfDtiFKWgWLx',35,NULL,NULL,NULL,3310.00,0.00,'0000-00-00 00:00:00','0000-00-00 00:00:00',0,0),
	(1060,'nNcIAAtwVFAd',35,NULL,NULL,NULL,1800.00,0.00,'0000-00-00 00:00:00','0000-00-00 00:00:00',0,0),
	(1061,'jUKCueLXDFMB',35,NULL,NULL,NULL,800.00,0.00,'0000-00-00 00:00:00','0000-00-00 00:00:00',0,0),
	(1062,'SohOKePHGCVF',35,NULL,NULL,21,0.00,0.00,'0000-00-00 00:00:00','0000-00-00 00:00:00',0,0),
	(1063,'jksNFewgcjVC',35,NULL,NULL,22,1800.00,0.00,'0000-00-00 00:00:00','0000-00-00 00:00:00',0,0),
	(1064,'kzQPJjpALGSf',35,NULL,NULL,23,1500.00,0.00,'0000-00-00 00:00:00','0000-00-00 00:00:00',0,0),
	(1065,'hlxqzgDklwKU',35,NULL,NULL,24,0.00,0.00,'0000-00-00 00:00:00','0000-00-00 00:00:00',0,0),
	(1066,'NEIVdockXZlk',35,NULL,NULL,25,0.00,0.00,'0000-00-00 00:00:00','0000-00-00 00:00:00',0,0),
	(1067,'UktNlwdZAyBU',35,NULL,NULL,26,1200.00,0.00,'0000-00-00 00:00:00','0000-00-00 00:00:00',0,0),
	(1068,'dKAwQDSMcHCv',35,NULL,NULL,27,14000.00,0.00,'0000-00-00 00:00:00','0000-00-00 00:00:00',0,0),
	(1069,'erKvvHIQloRk',35,NULL,NULL,30,20000.00,0.00,'0000-00-00 00:00:00','0000-00-00 00:00:00',0,0),
	(1070,'iFlrxDoZQxZL',35,NULL,NULL,32,30000.00,0.00,'0000-00-00 00:00:00','0000-00-00 00:00:00',0,0),
	(1071,'kHgIuCWTdUBd',35,NULL,NULL,68,10000.00,0.00,'0000-00-00 00:00:00','0000-00-00 00:00:00',0,0),
	(1072,'tEDvWCIpEqNc',35,NULL,NULL,50,8000.00,0.00,'0000-00-00 00:00:00','0000-00-00 00:00:00',0,0),
	(1073,'vNSWFKsOjenF',35,NULL,NULL,49,6105.00,0.00,'0000-00-00 00:00:00','0000-00-00 00:00:00',0,0),
	(1074,'AbtiPOgKMRIw',35,NULL,NULL,51,2500.00,0.00,'0000-00-00 00:00:00','0000-00-00 00:00:00',0,0),
	(1075,'PFYKFqcNFMfL',35,NULL,NULL,52,3800.00,0.00,'0000-00-00 00:00:00','0000-00-00 00:00:00',0,0),
	(1076,'vSmErWmGNkEB',35,NULL,NULL,53,5920.00,0.00,'0000-00-00 00:00:00','0000-00-00 00:00:00',0,0),
	(1077,'wQyWMkefQpbL',35,NULL,NULL,85,0.00,0.00,'0000-00-00 00:00:00','0000-00-00 00:00:00',0,0),
	(1078,'XZFDosehFvtr',35,NULL,NULL,86,13079.20,0.00,'0000-00-00 00:00:00','0000-00-00 00:00:00',0,0),
	(1079,'QHRumNupYoMR',35,NULL,NULL,61,2000.00,0.00,'0000-00-00 00:00:00','0000-00-00 00:00:00',0,0),
	(1080,'PZywmLTuRbJd',35,NULL,NULL,62,3000.00,0.00,'0000-00-00 00:00:00','0000-00-00 00:00:00',0,0),
	(1574,'UKCPNZBuxI',40,NULL,NULL,1,100.00,NULL,'2014-10-27 16:17:10','2014-10-27 16:17:46',0,0),
	(1575,'flq3XlsBxz',40,NULL,NULL,2,100.00,NULL,'2014-10-27 16:17:10','2014-10-27 16:17:46',0,0),
	(1576,'LQygiBLdsD',40,NULL,NULL,3,100.00,NULL,'2014-10-27 16:17:10','2014-10-27 16:17:46',0,0),
	(1577,'vmo8bc8NGF',40,NULL,NULL,4,1800.00,NULL,'2014-10-27 16:17:10','2014-10-27 16:17:46',0,0),
	(1578,'vV0WZYiszQ',40,NULL,NULL,5,100.00,NULL,'2014-10-27 16:17:10','2014-10-27 16:17:46',0,0),
	(1579,'2kGAAYblcE',40,NULL,NULL,6,100.00,NULL,'2014-10-27 16:17:10','2014-10-27 16:17:46',0,0),
	(1580,'ZI1oQdAY0h',40,NULL,NULL,9,100.00,NULL,'2014-10-27 16:17:10','2014-10-27 16:17:46',0,0),
	(1581,'EwdFtdDLFd',40,NULL,NULL,10,100.00,NULL,'2014-10-27 16:17:10','2014-10-27 16:17:46',0,0),
	(1582,'BHxii8htut',40,NULL,NULL,89,100.00,NULL,'2014-10-27 16:17:10','2014-10-27 16:17:46',0,0),
	(1583,'8ub9S2mt1n',40,NULL,NULL,90,100.00,NULL,'2014-10-27 16:17:10','2014-10-27 16:17:46',0,0),
	(1584,'LGUYlnbZ9R',40,NULL,NULL,7,100.00,NULL,'2014-10-27 16:17:10','2014-10-27 16:17:46',0,0),
	(1585,'cLzK4RTlln',40,NULL,NULL,8,100.00,NULL,'2014-10-27 16:17:10','2014-10-27 16:17:46',0,0),
	(1586,'PtS1CK3Ze4',40,NULL,NULL,11,100.00,NULL,'2014-10-27 16:17:10','2014-10-27 16:17:46',0,0),
	(1587,'DXMfZvFH22',40,NULL,NULL,12,3200.00,NULL,'2014-10-27 16:17:59','2014-10-27 19:54:01',2,2),
	(1593,'1W8mt0GwxH',40,NULL,NULL,18,800.00,NULL,'2014-10-27 16:17:59','2014-10-27 19:54:01',2,2),
	(1596,'kMVt9ptPV1',40,NULL,NULL,21,12000.00,NULL,'2014-10-27 16:17:59','2014-10-27 19:54:01',2,2),
	(1602,'V8hKYRQCF7',40,NULL,NULL,15,400.00,NULL,'2014-10-27 16:19:46','2014-10-27 19:54:01',2,2),
	(1603,'ITcOxOkFEP',40,NULL,NULL,80,2000.00,NULL,'2014-10-27 16:20:26','2014-10-27 16:20:26',0,0),
	(1604,'JdMbqgP3PE',34,NULL,NULL,13,0.00,NULL,'2014-10-27 16:20:48','2014-11-04 11:52:27',2,2),
	(1605,'L381cov1y4',40,NULL,NULL,27,0.00,NULL,'2014-10-27 16:23:18','2014-10-27 16:42:37',2,2),
	(1606,'yqKtYGKAZL',40,NULL,NULL,28,0.00,NULL,'2014-10-27 16:23:18','2014-10-27 16:42:37',2,2),
	(1607,'SrudlK1ibT',40,NULL,NULL,29,0.00,NULL,'2014-10-27 16:23:18','2014-10-27 16:42:37',2,2),
	(1608,'DXWMZ9buaJ',40,NULL,NULL,30,0.00,NULL,'2014-10-27 16:23:18','2014-10-27 16:42:37',2,2),
	(1609,'zJakc91XJ1',40,NULL,NULL,31,0.00,NULL,'2014-10-27 16:23:18','2014-10-27 16:42:37',2,2),
	(1610,'JCsePOYR6a',40,NULL,NULL,32,0.00,NULL,'2014-10-27 16:23:18','2014-10-27 16:42:37',2,2),
	(1611,'KK7Gw6QHB1',40,NULL,NULL,33,0.00,NULL,'2014-10-27 16:23:18','2014-10-27 16:42:37',2,2),
	(1612,'qbKBvXLxUv',40,NULL,NULL,34,0.00,NULL,'2014-10-27 16:23:18','2014-10-27 16:42:37',2,2),
	(1613,'yE70SWORNV',40,NULL,NULL,35,0.00,NULL,'2014-10-27 16:23:18','2014-10-27 16:42:37',2,2),
	(1614,'1xF8ebf5SR',40,NULL,NULL,36,0.00,NULL,'2014-10-27 16:23:18','2014-10-27 16:42:37',2,2),
	(1615,'6j2QVyNG5I',40,NULL,NULL,37,0.00,NULL,'2014-10-27 16:23:18','2014-10-27 16:42:37',2,2),
	(1616,'bDnjEffs63',40,NULL,NULL,38,0.00,NULL,'2014-10-27 16:23:18','2014-10-27 16:42:37',2,2),
	(1617,'o7B3gQfvV8',40,NULL,NULL,39,0.00,NULL,'2014-10-27 16:23:18','2014-10-27 16:42:37',2,2),
	(1618,'n2spTnXG43',40,NULL,NULL,40,0.00,NULL,'2014-10-27 16:23:18','2014-10-27 16:42:37',2,2),
	(1619,'pgGNzk2PN8',40,NULL,NULL,41,0.00,NULL,'2014-10-27 16:23:18','2014-10-27 16:42:37',2,2),
	(1620,'Tcgvfwmv2i',40,NULL,NULL,42,0.00,NULL,'2014-10-27 16:23:18','2014-10-27 16:42:37',2,2),
	(1621,'Dpk6PdtNUy',40,NULL,NULL,43,0.00,NULL,'2014-10-27 16:23:18','2014-10-27 16:42:37',2,2),
	(1622,'QkPw7pR9eF',40,NULL,NULL,44,0.00,NULL,'2014-10-27 16:23:18','2014-10-27 16:42:37',2,2),
	(1623,'i8RzD75ZD8',40,NULL,NULL,45,0.00,NULL,'2014-10-27 16:23:18','2014-10-27 16:42:37',2,2),
	(1624,'hgyCmnPQbK',40,NULL,NULL,46,0.00,NULL,'2014-10-27 16:23:18','2014-10-27 16:42:37',2,2),
	(1625,'p14fybEplT',40,NULL,NULL,47,0.00,NULL,'2014-10-27 16:23:18','2014-10-27 16:42:37',2,2),
	(1626,'5E1XdF5jFI',40,NULL,NULL,48,0.00,NULL,'2014-10-27 16:23:18','2014-10-27 16:42:37',2,2),
	(1627,'3OeMcCE0vm',40,NULL,NULL,13,0.00,NULL,'2014-10-27 16:23:28','2014-10-27 19:54:01',2,2),
	(1628,'KpA1rcpVuK',40,NULL,NULL,14,0.00,NULL,'2014-10-27 16:23:28','2014-10-27 19:54:01',2,2),
	(1629,'A1FJ0DzJLT',40,NULL,NULL,16,0.00,NULL,'2014-10-27 16:23:28','2014-10-27 19:54:01',2,2),
	(1630,'2PIhBVTgVo',40,NULL,NULL,17,0.00,NULL,'2014-10-27 16:23:28','2014-10-27 19:54:01',2,2),
	(1631,'CFOdHfq6bU',40,NULL,NULL,19,0.00,NULL,'2014-10-27 16:23:28','2014-10-27 19:54:01',2,2),
	(1632,'RLWwuW94GU',40,NULL,NULL,20,0.00,NULL,'2014-10-27 16:23:28','2014-10-27 19:54:01',2,2),
	(1633,'XIKG0lBTCw',40,NULL,NULL,22,0.00,NULL,'2014-10-27 16:23:28','2014-10-27 19:54:01',2,2),
	(1634,'iec7sUmS1x',40,NULL,NULL,23,0.00,NULL,'2014-10-27 16:23:28','2014-10-27 19:54:01',2,2),
	(1635,'NSjKoOGySm',40,NULL,NULL,24,0.00,NULL,'2014-10-27 16:23:28','2014-10-27 19:54:01',2,2),
	(1636,'tQ5dw5z8Zb',40,NULL,NULL,25,0.00,NULL,'2014-10-27 16:23:28','2014-10-27 19:54:01',2,2),
	(1637,'FiqRpSMLLN',40,NULL,NULL,26,0.00,NULL,'2014-10-27 16:23:28','2014-10-27 19:54:01',2,2),
	(1638,'LHIcgrRrEj',34,NULL,NULL,28,0.00,NULL,'2014-10-27 19:48:05','2014-11-04 11:12:13',2,2),
	(1639,'32bFuSIbrp',34,NULL,NULL,29,0.00,NULL,'2014-10-27 19:48:05','2014-11-04 11:12:13',2,2),
	(1640,'IKI2U1SXwP',34,NULL,NULL,33,0.00,NULL,'2014-10-27 19:48:05','2014-11-04 11:12:13',2,2),
	(1641,'fhxXtOplg3',34,NULL,NULL,36,0.00,NULL,'2014-10-27 19:48:05','2014-11-04 11:12:13',2,2),
	(1642,'Fj6RZBJHMb',34,NULL,NULL,37,0.00,NULL,'2014-10-27 19:48:05','2014-11-04 11:12:13',2,2),
	(1643,'6vVPxQQqNm',34,NULL,NULL,38,0.00,NULL,'2014-10-27 19:48:05','2014-11-04 11:12:13',2,2),
	(1644,'f2DN07BptR',34,NULL,NULL,39,0.00,NULL,'2014-10-27 19:48:05','2014-11-04 11:12:13',2,2),
	(1645,'t8bzZaaJSX',34,NULL,NULL,40,0.00,NULL,'2014-10-27 19:48:05','2014-11-04 11:12:13',2,2),
	(1646,'VZtQO0GEqu',34,NULL,NULL,41,0.00,NULL,'2014-10-27 19:48:05','2014-11-04 11:12:13',2,2),
	(1647,'1GwFuxM5Wg',34,NULL,NULL,42,0.00,NULL,'2014-10-27 19:48:05','2014-11-04 11:12:13',2,2),
	(1648,'Xpp8Zoja8b',34,NULL,NULL,43,0.00,NULL,'2014-10-27 19:48:05','2014-11-04 11:12:13',2,2),
	(1649,'XtkBC6whYB',34,NULL,NULL,56,0.00,NULL,'2014-10-27 19:48:19','2014-11-04 11:54:56',2,2),
	(1650,'MwecVXLngl',34,NULL,NULL,99,0.00,NULL,'2014-10-27 19:48:19','2014-11-04 11:54:56',2,2),
	(1651,'6t8iTp8WeN',34,NULL,NULL,100,3269.11,0.00,'2014-10-27 19:48:19','2014-11-04 11:54:56',2,2),
	(1652,'tcgNNSUkaS',34,NULL,NULL,101,520.00,0.00,'2014-10-27 19:48:19','2014-11-04 11:54:56',2,2),
	(1653,'VXpaal8WIo',34,NULL,NULL,102,150.80,0.00,'2014-10-27 19:48:19','2014-11-04 11:54:56',2,2),
	(1654,'OjWPQROjV4',34,NULL,NULL,60,0.00,NULL,'2014-10-27 22:43:06','2014-11-05 08:22:39',2,2),
	(1655,'ERq2Myjwxa',34,NULL,NULL,94,0.00,NULL,'2014-10-27 22:43:06','2014-11-05 08:22:39',2,2),
	(1656,'m9PuUj8pnh',34,NULL,NULL,95,0.00,NULL,'2014-10-27 22:43:06','2014-11-05 08:22:39',2,2),
	(1657,'jcBf1r7QL2',34,NULL,NULL,96,0.00,NULL,'2014-10-27 22:43:06','2014-11-05 08:22:39',2,2),
	(1658,'UqTltGUMcr',34,NULL,NULL,97,0.00,NULL,'2014-10-27 22:43:06','2014-11-05 08:22:39',2,2),
	(1659,'E35FKCke97',34,NULL,NULL,103,1065.00,0.00,'2014-10-27 23:48:25','2014-11-04 11:50:34',2,2),
	(1660,'xYkA7Xe1dd',44,NULL,NULL,1,1000.00,NULL,'2014-10-30 13:48:03','2014-10-30 15:21:45',2,2),
	(1661,'Z0KkLSWpCz',44,NULL,NULL,2,2500.00,NULL,'2014-10-30 13:48:03','2014-10-30 15:21:45',2,2),
	(1662,'2UIHeENQHT',44,NULL,NULL,3,150.00,NULL,'2014-10-30 13:48:03','2014-10-30 15:21:45',2,2),
	(1663,'feRzPYx30K',44,NULL,NULL,4,2500.00,NULL,'2014-10-30 13:48:03','2014-10-30 15:21:45',2,2),
	(1664,'hZL2kwUgVx',44,NULL,NULL,5,5000.00,NULL,'2014-10-30 13:48:03','2014-10-30 15:21:45',2,2),
	(1665,'QXsyFGdtwU',44,NULL,NULL,6,5000.00,NULL,'2014-10-30 13:48:03','2014-10-30 15:21:45',2,2),
	(1666,'nM9fmYeT2e',44,NULL,NULL,9,200.00,NULL,'2014-10-30 13:48:03','2014-10-30 15:21:45',2,2),
	(1667,'DjdolxUgOQ',44,NULL,NULL,10,600.00,NULL,'2014-10-30 13:48:03','2014-10-30 15:21:45',2,2),
	(1668,'OEOgdtXqXt',44,NULL,NULL,103,1500.00,NULL,'2014-10-30 13:48:03','2014-10-30 15:21:45',2,2),
	(1669,'lkguzCtNwv',44,NULL,NULL,89,0.00,NULL,'2014-10-30 13:48:03','2014-10-30 15:21:45',2,2),
	(1670,'29PfybNtsB',44,NULL,NULL,90,0.00,NULL,'2014-10-30 13:48:03','2014-10-30 15:21:45',2,2),
	(1671,'jgg7wuBtVy',44,NULL,NULL,7,500.00,NULL,'2014-10-30 13:48:03','2014-10-30 15:21:45',2,2),
	(1672,'XgTdLtQehn',44,NULL,NULL,8,0.00,NULL,'2014-10-30 13:48:03','2014-10-30 15:21:45',2,2),
	(1673,'Kjxzy5Kmyd',44,NULL,NULL,11,270.00,NULL,'2014-10-30 13:48:03','2014-10-30 15:21:45',2,2),
	(1674,'DElFsXTabM',44,NULL,NULL,12,3500.00,NULL,'2014-10-30 13:49:32','2014-10-30 15:15:11',2,2),
	(1675,'61NdkLAU0u',44,NULL,NULL,13,0.00,NULL,'2014-10-30 13:49:32','2014-10-30 15:15:11',2,2),
	(1676,'WawseTtqHC',44,NULL,NULL,14,3000.00,NULL,'2014-10-30 13:49:32','2014-10-30 15:15:11',2,2),
	(1677,'jlgF1JCVTO',44,NULL,NULL,15,0.00,NULL,'2014-10-30 13:49:32','2014-10-30 15:15:11',2,2),
	(1678,'HZQvcbgM5h',44,NULL,NULL,16,0.00,NULL,'2014-10-30 13:49:32','2014-10-30 15:15:11',2,2),
	(1679,'h2sNuGHX6p',44,NULL,NULL,17,0.00,NULL,'2014-10-30 13:49:32','2014-10-30 15:15:11',2,2),
	(1680,'zqKQ6MzIHt',44,NULL,NULL,18,12127.00,NULL,'2014-10-30 13:49:32','2014-10-30 15:15:11',2,2),
	(1681,'xosnUFzarE',44,NULL,NULL,19,14259.00,NULL,'2014-10-30 13:49:32','2014-10-30 15:15:11',2,2),
	(1682,'rIGUwbAd9H',44,NULL,NULL,20,20000.00,NULL,'2014-10-30 13:49:32','2014-10-30 15:15:11',2,2),
	(1683,'CJ7nzd99WR',44,NULL,NULL,21,0.00,NULL,'2014-10-30 13:49:32','2014-10-30 15:15:11',2,2),
	(1684,'Dug5RaKrkc',44,NULL,NULL,22,35000.00,NULL,'2014-10-30 13:49:32','2014-10-30 15:15:11',2,2),
	(1685,'5MVMGrXhF7',44,NULL,NULL,23,2000.00,NULL,'2014-10-30 13:49:32','2014-10-30 15:15:11',2,2),
	(1686,'YiQ6FqkPAg',44,NULL,NULL,24,1200.00,NULL,'2014-10-30 13:49:32','2014-10-30 15:15:11',2,2),
	(1687,'GdKXiC733s',44,NULL,NULL,25,4000.00,NULL,'2014-10-30 13:49:32','2014-10-30 15:15:11',2,2),
	(1688,'g9ebVVDTdi',44,NULL,NULL,26,5000.00,NULL,'2014-10-30 13:49:32','2014-10-30 15:15:11',2,2),
	(1689,'5FPE61SZNG',44,NULL,NULL,27,30000.00,NULL,'2014-10-30 13:49:58','2014-10-30 15:16:32',2,2),
	(1690,'Swsq8PhMCc',44,NULL,NULL,28,0.00,NULL,'2014-10-30 13:49:58','2014-10-30 15:16:32',2,2),
	(1691,'tMEZLUKSIC',44,NULL,NULL,29,0.00,NULL,'2014-10-30 13:49:58','2014-10-30 15:16:32',2,2),
	(1692,'ZOiPsoQknE',44,NULL,NULL,30,50000.00,NULL,'2014-10-30 13:49:58','2014-10-30 15:16:32',2,2),
	(1693,'1gatGjjY6V',44,NULL,NULL,31,0.00,NULL,'2014-10-30 13:49:58','2014-10-30 15:16:32',2,2),
	(1694,'bzIPyuKjms',44,NULL,NULL,32,50000.00,NULL,'2014-10-30 13:49:58','2014-10-30 15:16:32',2,2),
	(1695,'VmgdbJC230',44,NULL,NULL,33,0.00,NULL,'2014-10-30 13:49:58','2014-10-30 15:16:32',2,2),
	(1696,'G5hRzYaTXg',44,NULL,NULL,34,0.00,NULL,'2014-10-30 13:49:58','2014-10-30 15:16:32',2,2),
	(1697,'P8QxYp2IIp',44,NULL,NULL,35,0.00,NULL,'2014-10-30 13:49:58','2014-10-30 15:16:32',2,2),
	(1698,'bELsSXbvZf',44,NULL,NULL,36,0.00,NULL,'2014-10-30 13:49:58','2014-10-30 15:16:32',2,2),
	(1699,'wGkNyUMINK',44,NULL,NULL,37,0.00,NULL,'2014-10-30 13:49:58','2014-10-30 15:16:32',2,2),
	(1700,'ZCSQaQfczY',44,NULL,NULL,38,0.00,NULL,'2014-10-30 13:49:58','2014-10-30 15:16:32',2,2),
	(1701,'CLDodvlo0l',44,NULL,NULL,39,0.00,NULL,'2014-10-30 13:49:58','2014-10-30 15:16:32',2,2),
	(1702,'Dx2YlAS7jG',44,NULL,NULL,40,0.00,NULL,'2014-10-30 13:49:58','2014-10-30 15:16:32',2,2),
	(1703,'SiiK9tBpGb',44,NULL,NULL,41,0.00,NULL,'2014-10-30 13:49:58','2014-10-30 15:16:32',2,2),
	(1704,'niW0Gaw2yx',44,NULL,NULL,42,0.00,NULL,'2014-10-30 13:49:58','2014-10-30 15:16:32',2,2),
	(1705,'nc4qap03xj',44,NULL,NULL,43,0.00,NULL,'2014-10-30 13:49:58','2014-10-30 15:16:32',2,2),
	(1706,'JpC2aLwMac',44,NULL,NULL,44,0.00,NULL,'2014-10-30 13:49:58','2014-10-30 15:16:32',2,2),
	(1707,'XyuUzb45dD',44,NULL,NULL,45,0.00,NULL,'2014-10-30 13:49:58','2014-10-30 15:16:32',2,2),
	(1708,'DBQH11714F',44,NULL,NULL,46,0.00,NULL,'2014-10-30 13:49:58','2014-10-30 15:16:32',2,2),
	(1709,'lO4YRfJn1U',44,NULL,NULL,47,0.00,NULL,'2014-10-30 13:49:58','2014-10-30 15:16:32',2,2),
	(1710,'zZt4U2gZ8t',44,NULL,NULL,48,0.00,NULL,'2014-10-30 13:49:58','2014-10-30 15:16:32',2,2),
	(1711,'TWZaZhJeB2',44,NULL,NULL,49,0.00,NULL,'2014-10-30 13:50:30','2014-10-30 13:50:30',2,2),
	(1712,'Te5aOzjJ9b',44,NULL,NULL,50,0.00,NULL,'2014-10-30 13:50:30','2014-10-30 13:50:30',2,2),
	(1713,'AZn234U1Vc',44,NULL,NULL,51,0.00,NULL,'2014-10-30 13:50:30','2014-10-30 13:50:30',2,2),
	(1714,'iP8i08zJmb',44,NULL,NULL,52,0.00,NULL,'2014-10-30 13:50:30','2014-10-30 13:50:30',2,2),
	(1715,'MfpRqerJXB',44,NULL,NULL,53,0.00,NULL,'2014-10-30 13:50:30','2014-10-30 13:50:30',2,2),
	(1716,'UxAiAEmuFi',44,NULL,NULL,54,6000.00,NULL,'2014-10-30 13:50:30','2014-10-30 13:50:30',2,2),
	(1717,'HY8Qh9YRSk',44,NULL,NULL,55,0.00,NULL,'2014-10-30 13:50:30','2014-10-30 13:50:30',2,2),
	(1718,'2EzsvZGXIE',44,NULL,NULL,56,0.00,NULL,'2014-10-30 13:50:30','2014-10-30 13:50:30',2,2),
	(1719,'yDc9WMNjht',44,NULL,NULL,57,0.00,NULL,'2014-10-30 13:50:30','2014-10-30 13:50:30',2,2),
	(1720,'CZsLPJUNBM',44,NULL,NULL,68,12000.00,NULL,'2014-10-30 13:50:30','2014-10-30 13:50:30',2,2),
	(1721,'8DrH6XHNUq',44,NULL,NULL,69,0.00,NULL,'2014-10-30 13:50:30','2014-10-30 13:50:30',2,2),
	(1722,'rs3DBZqoiI',44,NULL,NULL,99,0.00,NULL,'2014-10-30 13:50:30','2014-10-30 13:50:30',2,2),
	(1723,'SVHkGw3AkE',44,NULL,NULL,100,0.00,NULL,'2014-10-30 13:50:30','2014-10-30 13:50:30',2,2),
	(1724,'msiNaoKRcE',44,NULL,NULL,101,0.00,NULL,'2014-10-30 13:50:30','2014-10-30 13:50:30',2,2),
	(1725,'iE7liIlI7E',44,NULL,NULL,102,0.00,NULL,'2014-10-30 13:50:30','2014-10-30 13:50:30',2,2),
	(1726,'qZz8kfFnPZ',44,NULL,NULL,70,0.00,NULL,'2014-10-30 13:50:30','2014-10-30 13:50:30',2,2),
	(1727,'2csl0CJKuW',44,NULL,NULL,71,0.00,NULL,'2014-10-30 13:50:30','2014-10-30 13:50:30',2,2),
	(1728,'pMAx8SguBn',44,NULL,NULL,72,0.00,NULL,'2014-10-30 13:50:30','2014-10-30 13:50:30',2,2),
	(1729,'92nIaHYP5O',44,NULL,NULL,88,0.00,NULL,'2014-10-30 13:50:30','2014-10-30 13:50:30',2,2),
	(1730,'P80it0VdLq',44,NULL,NULL,73,0.00,NULL,'2014-10-30 13:50:30','2014-10-30 13:50:30',2,2),
	(1731,'PTkxTJ75pO',44,NULL,NULL,58,0.00,NULL,'2014-10-30 13:51:08','2014-10-30 15:18:19',2,2),
	(1732,'L9fApaQAct',44,NULL,NULL,60,0.00,NULL,'2014-10-30 13:51:08','2014-10-30 15:18:19',2,2),
	(1733,'xCWoMDDt3X',44,NULL,NULL,61,8000.00,NULL,'2014-10-30 13:51:08','2014-10-30 15:18:19',2,2),
	(1734,'WSRgqK0xQp',44,NULL,NULL,62,4000.00,NULL,'2014-10-30 13:51:08','2014-10-30 15:18:19',2,2),
	(1735,'mByCcXM2yY',44,NULL,NULL,63,0.00,NULL,'2014-10-30 13:51:08','2014-10-30 15:18:19',2,2),
	(1736,'v5Bstn57Q9',44,NULL,NULL,64,0.00,NULL,'2014-10-30 13:51:08','2014-10-30 15:18:19',2,2),
	(1737,'4M1V3sG3Zw',44,NULL,NULL,65,26000.00,NULL,'2014-10-30 13:51:08','2014-10-30 15:18:19',2,2),
	(1738,'sl71XjYJmw',44,NULL,NULL,66,0.00,NULL,'2014-10-30 13:51:08','2014-10-30 15:18:19',2,2),
	(1739,'ISCjk6Gqdw',44,NULL,NULL,67,0.00,NULL,'2014-10-30 13:51:08','2014-10-30 15:18:19',2,2),
	(1740,'AijBem3Uq3',44,NULL,NULL,94,0.00,NULL,'2014-10-30 13:51:08','2014-10-30 15:18:19',2,2),
	(1741,'qToyUmSS5f',44,NULL,NULL,95,0.00,NULL,'2014-10-30 13:51:08','2014-10-30 15:18:19',2,2),
	(1742,'pN717s8NTl',44,NULL,NULL,96,0.00,NULL,'2014-10-30 13:51:08','2014-10-30 15:18:19',2,2),
	(1743,'ktEE5S19Nr',44,NULL,NULL,97,0.00,NULL,'2014-10-30 13:51:08','2014-10-30 15:18:19',2,2),
	(1744,'celBMfXE83',44,NULL,NULL,80,0.00,NULL,'2014-10-30 13:51:10','2014-10-30 14:33:08',2,2),
	(1745,'TxR1zYuHMn',44,NULL,NULL,81,0.00,NULL,'2014-10-30 13:51:10','2014-10-30 14:33:09',2,2),
	(1746,'36RILWBM6o',44,NULL,NULL,82,0.00,NULL,'2014-10-30 13:51:10','2014-10-30 14:33:09',2,2),
	(1747,'diCyUpOS4W',44,NULL,NULL,83,0.00,NULL,'2014-10-30 13:51:10','2014-10-30 14:33:09',2,2),
	(1748,'VYuNZ4LuMy',44,NULL,NULL,84,0.00,NULL,'2014-10-30 13:51:10','2014-10-30 14:33:09',2,2),
	(1751,'KNCfBCjn65',44,NULL,NULL,87,0.00,NULL,'2014-10-30 13:51:10','2014-10-30 14:33:09',2,2),
	(1752,'VYVAIt0oCd',44,NULL,NULL,91,0.00,NULL,'2014-10-30 13:51:10','2014-10-30 14:33:09',2,2),
	(1753,'bbEgmDgWr8',44,NULL,NULL,92,0.00,NULL,'2014-10-30 13:51:10','2014-10-30 14:33:09',2,2),
	(1754,'AcWcrxPKUV',44,NULL,NULL,93,0.00,NULL,'2014-10-30 13:51:10','2014-10-30 14:33:09',2,2),
	(1777,'3tMGeGiBTi',44,NULL,NULL,86,30530.60,NULL,'2014-10-30 15:16:33','2014-10-30 15:21:46',2,2),
	(1778,'89CpPy8BdP',44,NULL,NULL,85,18318.36,NULL,'2014-10-30 15:19:45','2014-10-30 15:21:46',2,2),
	(1779,'K7aDtkk9fT',34,NULL,NULL,86,24110.01,4662.82,'2014-10-30 15:40:08','2014-11-05 08:22:39',2,2),
	(1780,'kweCczQxQw',34,NULL,NULL,85,12055.01,0.00,'2014-10-30 15:40:08','2014-11-05 08:22:39',2,2),
	(1781,'podBmvCPqZ',39,NULL,NULL,1,0.00,NULL,'2014-10-30 15:45:11','2014-12-04 08:24:13',2,2),
	(1782,'ORDfrmhUAG',39,NULL,NULL,2,0.00,0.00,'2014-10-30 15:45:11','2014-12-04 08:24:13',2,2),
	(1783,'lyX2ffbpjx',39,NULL,NULL,3,100.00,0.00,'2014-10-30 15:45:11','2014-12-04 08:24:13',2,2),
	(1784,'6JWjkiOW7f',39,NULL,NULL,4,1200.00,0.00,'2014-10-30 15:45:11','2014-12-04 08:24:13',2,2),
	(1785,'VW7ybzVstw',39,NULL,NULL,5,0.00,NULL,'2014-10-30 15:45:11','2014-12-04 08:24:13',2,2),
	(1786,'9P47Sjm4JG',39,NULL,NULL,6,0.00,NULL,'2014-10-30 15:45:11','2014-12-04 08:24:13',2,2),
	(1787,'BPpy9JQYGY',39,NULL,NULL,9,250.00,0.00,'2014-10-30 15:45:11','2014-12-04 08:24:13',2,2),
	(1788,'eBUla6U5yo',39,NULL,NULL,10,0.00,NULL,'2014-10-30 15:45:11','2014-12-04 08:24:13',2,2),
	(1789,'CIeGP60caK',39,NULL,NULL,103,1500.00,0.00,'2014-10-30 15:45:11','2014-12-04 08:24:13',2,2),
	(1790,'SMzilJ2bHI',39,NULL,NULL,89,0.00,NULL,'2014-10-30 15:45:11','2014-12-04 08:24:13',2,2),
	(1791,'aVj5hubcAK',39,NULL,NULL,90,0.00,NULL,'2014-10-30 15:45:11','2014-12-04 08:24:13',2,2),
	(1792,'AcsOTiVUu5',39,NULL,NULL,7,750.00,0.00,'2014-10-30 15:45:11','2014-12-04 08:24:13',2,2),
	(1793,'EnSeGdXIpF',39,NULL,NULL,8,0.00,NULL,'2014-10-30 15:45:11','2014-12-04 08:24:13',2,2),
	(1794,'qABKFSfR4P',39,NULL,NULL,11,250.00,0.00,'2014-10-30 15:45:11','2014-12-04 08:24:13',2,2),
	(1795,'BF24tVnpQR',39,NULL,NULL,86,18424.23,0.00,'2014-10-30 15:45:11','2014-12-18 08:12:54',2,2),
	(1796,'vufnIWBGE1',39,NULL,NULL,85,9212.11,0.00,'2014-10-30 15:45:11','2014-12-18 08:12:54',2,2),
	(1797,'GVPRr4wn7T',39,NULL,NULL,12,3500.00,0.00,'2014-10-30 15:46:31','2014-12-04 08:24:34',2,2),
	(1798,'Gn7YWNPZx1',39,NULL,NULL,13,300.00,0.00,'2014-10-30 15:46:31','2014-12-04 08:24:34',2,2),
	(1799,'aa85EhgW0n',39,NULL,NULL,14,2000.00,0.00,'2014-10-30 15:46:31','2014-12-04 08:24:34',2,2),
	(1800,'dGj2xL749f',39,NULL,NULL,15,0.00,NULL,'2014-10-30 15:46:31','2014-12-04 08:24:34',2,2),
	(1801,'XPC5OzSDyq',39,NULL,NULL,16,864.00,0.00,'2014-10-30 15:46:31','2014-12-04 08:24:34',2,2),
	(1802,'FJANOf45b5',39,NULL,NULL,17,1266.00,0.00,'2014-10-30 15:46:31','2014-12-04 08:24:34',2,2),
	(1803,'tpLNrjyzoH',39,NULL,NULL,18,3617.25,0.00,'2014-10-30 15:46:31','2014-12-04 08:24:34',2,2),
	(1804,'OmxqrlZjZy',39,NULL,NULL,19,5814.00,0.00,'2014-10-30 15:46:31','2014-12-04 08:24:34',2,2),
	(1805,'JEhks6zxcL',39,NULL,NULL,20,5910.00,0.00,'2014-10-30 15:46:31','2014-12-04 08:24:34',2,2),
	(1806,'CFaosCI1b6',39,NULL,NULL,21,0.00,NULL,'2014-10-30 15:46:31','2014-12-04 08:24:34',2,2),
	(1807,'J0sgqTCqdC',39,NULL,NULL,22,8500.00,0.00,'2014-10-30 15:46:31','2014-12-04 08:24:34',2,2),
	(1808,'YXgghJnRgA',39,NULL,NULL,23,3000.00,0.00,'2014-10-30 15:46:31','2014-12-04 08:24:34',2,2),
	(1809,'DTgOhIq0KC',39,NULL,NULL,24,0.00,NULL,'2014-10-30 15:46:31','2014-12-04 08:24:34',2,2),
	(1810,'6tCyK3sntF',39,NULL,NULL,25,0.00,NULL,'2014-10-30 15:46:31','2014-12-04 08:24:34',2,2),
	(1811,'ZsCgJUZ6Mg',39,NULL,NULL,26,4600.00,0.00,'2014-10-30 15:46:31','2014-12-04 08:24:34',2,2),
	(1812,'bLHNNnpOZx',39,NULL,NULL,27,10200.00,0.00,'2014-10-30 15:46:56','2014-12-18 08:12:54',2,2),
	(1813,'VKE6o8rIiH',39,NULL,NULL,28,0.00,NULL,'2014-10-30 15:46:56','2014-12-18 08:12:54',2,2),
	(1814,'BCdQfpp5Xf',39,NULL,NULL,29,0.00,NULL,'2014-10-30 15:46:56','2014-12-18 08:12:54',2,2),
	(1815,'B81jWOGmCF',39,NULL,NULL,30,20000.00,0.00,'2014-10-30 15:46:56','2014-12-18 08:12:54',2,2),
	(1816,'TyqyFOH6xZ',39,NULL,NULL,31,0.00,NULL,'2014-10-30 15:46:56','2014-12-18 08:12:54',2,2),
	(1817,'N9C1ZRrpWo',39,NULL,NULL,32,57076.00,0.00,'2014-10-30 15:46:56','2014-12-18 08:12:54',2,2),
	(1818,'FyxGRtuyP7',39,NULL,NULL,33,0.00,NULL,'2014-10-30 15:46:56','2014-12-18 08:12:54',2,2),
	(1819,'dJFEils0s0',39,NULL,NULL,34,0.00,NULL,'2014-10-30 15:46:56','2014-12-18 08:12:54',2,2),
	(1820,'Zg9Ch8tIxq',39,NULL,NULL,35,0.00,NULL,'2014-10-30 15:46:56','2014-12-18 08:12:54',2,2),
	(1821,'7dYETQ8noY',39,NULL,NULL,36,0.00,NULL,'2014-10-30 15:46:56','2014-12-18 08:12:54',2,2),
	(1822,'uCHag0vJ0Y',39,NULL,NULL,37,0.00,NULL,'2014-10-30 15:46:56','2014-12-18 08:12:54',2,2),
	(1823,'J0eSCv15ez',39,NULL,NULL,38,0.00,NULL,'2014-10-30 15:46:56','2014-12-18 08:12:54',2,2),
	(1824,'wlMuZFl72J',39,NULL,NULL,39,0.00,NULL,'2014-10-30 15:46:56','2014-12-18 08:12:54',2,2),
	(1825,'6xmNICOemP',39,NULL,NULL,40,0.00,NULL,'2014-10-30 15:46:56','2014-12-18 08:12:54',2,2),
	(1826,'c5PqYrWZxa',39,NULL,NULL,41,0.00,NULL,'2014-10-30 15:46:56','2014-12-18 08:12:54',2,2),
	(1827,'z3vlyv1TD4',39,NULL,NULL,42,0.00,NULL,'2014-10-30 15:46:56','2014-12-18 08:12:54',2,2),
	(1828,'DJBZxkClyY',39,NULL,NULL,43,0.00,NULL,'2014-10-30 15:46:56','2014-12-18 08:12:54',2,2),
	(1829,'bK40a2s620',39,NULL,NULL,44,0.00,NULL,'2014-10-30 15:46:56','2014-12-18 08:12:54',2,2),
	(1830,'hB3NXCjYwW',39,NULL,NULL,45,0.00,NULL,'2014-10-30 15:46:56','2014-12-18 08:12:54',2,2),
	(1831,'39GE9dYMzx',39,NULL,NULL,46,0.00,NULL,'2014-10-30 15:46:56','2014-12-18 08:12:54',2,2),
	(1832,'LKhPLsSdzU',39,NULL,NULL,47,0.00,NULL,'2014-10-30 15:46:56','2014-12-18 08:12:54',2,2),
	(1833,'dQwhEtTXsq',39,NULL,NULL,48,0.00,NULL,'2014-10-30 15:46:56','2014-12-18 08:12:54',2,2),
	(1834,'1Zo4InUzp5',39,NULL,NULL,49,2800.00,0.00,'2014-10-30 15:48:05','2014-12-04 14:50:49',2,2),
	(1835,'z9Un3MazsD',39,NULL,NULL,50,3000.00,0.00,'2014-10-30 15:48:05','2014-12-04 14:50:49',2,2),
	(1836,'dGZSbP8rlW',39,NULL,NULL,51,2500.00,0.00,'2014-10-30 15:48:05','2014-12-04 14:50:49',2,2),
	(1837,'snVQsEdneD',39,NULL,NULL,52,3200.00,0.00,'2014-10-30 15:48:05','2014-12-04 14:50:49',2,2),
	(1838,'sNMnbQ9mpB',39,NULL,NULL,53,7000.00,0.00,'2014-10-30 15:48:05','2014-12-04 14:50:49',2,2),
	(1839,'ZDhZvtODUa',39,NULL,NULL,54,3150.00,0.00,'2014-10-30 15:48:05','2014-12-04 14:50:49',2,2),
	(1840,'AnxwdZarmo',39,NULL,NULL,55,0.00,NULL,'2014-10-30 15:48:05','2014-12-04 14:50:49',2,2),
	(1841,'4PcRdnHmJ7',39,NULL,NULL,56,0.00,NULL,'2014-10-30 15:48:05','2014-12-04 14:50:49',2,2),
	(1842,'YIKgHgKwUF',39,NULL,NULL,57,0.00,NULL,'2014-10-30 15:48:05','2014-12-04 14:50:49',2,2),
	(1843,'Gu2d1gdbHA',39,NULL,NULL,68,1805.00,0.00,'2014-10-30 15:48:05','2014-12-04 14:50:49',2,2),
	(1844,'zMpLDC9kZS',39,NULL,NULL,69,0.00,NULL,'2014-10-30 15:48:05','2014-12-04 14:50:49',2,2),
	(1845,'sYBcejtZPo',39,NULL,NULL,99,0.00,NULL,'2014-10-30 15:48:05','2014-12-04 14:50:49',2,2),
	(1846,'EvTHJUXW5F',39,NULL,NULL,100,0.00,NULL,'2014-10-30 15:48:05','2014-12-04 14:50:49',2,2),
	(1847,'wFrWr4zApy',39,NULL,NULL,101,0.00,NULL,'2014-10-30 15:48:05','2014-12-04 14:50:49',2,2),
	(1848,'tRx44MnyLc',39,NULL,NULL,102,0.00,NULL,'2014-10-30 15:48:05','2014-12-04 14:50:49',2,2),
	(1849,'WqIP7rK5oQ',39,NULL,NULL,70,0.00,NULL,'2014-10-30 15:48:05','2014-12-04 14:50:49',2,2),
	(1850,'KVvbSXgryG',39,NULL,NULL,71,0.00,NULL,'2014-10-30 15:48:05','2014-12-04 14:50:49',2,2),
	(1851,'01xx5Cjta5',39,NULL,NULL,72,0.00,NULL,'2014-10-30 15:48:05','2014-12-04 14:50:49',2,2),
	(1852,'F7voXCQHIe',39,NULL,NULL,88,0.00,NULL,'2014-10-30 15:48:05','2014-12-04 14:50:49',2,2),
	(1853,'xsa3E20Vtz',39,NULL,NULL,73,0.00,NULL,'2014-10-30 15:48:05','2014-12-04 14:50:49',2,2),
	(1854,'9m0Xr3emQl',39,NULL,NULL,58,2190.00,0.00,'2014-10-30 15:48:32','2014-12-04 14:51:01',2,2),
	(1855,'1nyhXw2gy2',39,NULL,NULL,60,0.00,NULL,'2014-10-30 15:48:32','2014-12-04 14:51:01',2,2),
	(1856,'j2P0hviTpB',39,NULL,NULL,61,4800.00,0.00,'2014-10-30 15:48:32','2014-12-04 14:51:01',2,2),
	(1857,'YyXZwp2KLS',39,NULL,NULL,62,5600.00,0.00,'2014-10-30 15:48:32','2014-12-04 14:51:01',2,2),
	(1858,'5MgE4da6tJ',39,NULL,NULL,63,0.00,NULL,'2014-10-30 15:48:32','2014-12-04 14:51:01',2,2),
	(1859,'8NMYN3t6WT',39,NULL,NULL,64,0.00,NULL,'2014-10-30 15:48:32','2014-12-04 14:51:01',2,2),
	(1860,'HVsFUY4XJQ',39,NULL,NULL,65,17500.00,0.00,'2014-10-30 15:48:32','2014-12-04 14:51:01',2,2),
	(1861,'QPD6tHjENM',39,NULL,NULL,66,0.00,NULL,'2014-10-30 15:48:32','2014-12-04 14:51:01',2,2),
	(1862,'oWzaUndota',39,NULL,NULL,67,0.00,NULL,'2014-10-30 15:48:32','2014-12-04 14:51:01',2,2),
	(1863,'ha5KP0IUXr',39,NULL,NULL,94,0.00,NULL,'2014-10-30 15:48:32','2014-12-04 14:51:01',2,2),
	(1864,'KNgnUK5doT',39,NULL,NULL,95,0.00,NULL,'2014-10-30 15:48:32','2014-12-04 14:51:01',2,2),
	(1865,'ZNPzXKWb9p',39,NULL,NULL,96,0.00,NULL,'2014-10-30 15:48:32','2014-12-04 14:51:01',2,2),
	(1866,'lqzrbpsTjp',39,NULL,NULL,97,0.00,NULL,'2014-10-30 15:48:32','2014-12-04 14:51:01',2,2),
	(1867,'kQQxYzSUuA',39,NULL,NULL,80,0.00,NULL,'2014-10-30 15:48:50','2014-11-13 06:34:32',2,2),
	(1868,'sF83FeU8nh',39,NULL,NULL,81,0.00,NULL,'2014-10-30 15:48:50','2014-11-13 06:34:32',2,2),
	(1869,'mavmH1t79h',39,NULL,NULL,82,0.00,NULL,'2014-10-30 15:48:50','2014-11-13 06:34:32',2,2),
	(1870,'ot7f06PT0j',39,NULL,NULL,83,0.00,NULL,'2014-10-30 15:48:50','2014-11-13 06:34:32',2,2),
	(1871,'usZCwFQqNe',39,NULL,NULL,84,0.00,NULL,'2014-10-30 15:48:50','2014-11-13 06:34:32',2,2),
	(1872,'H9pdw7eZfn',39,NULL,NULL,87,0.00,NULL,'2014-10-30 15:48:50','2014-11-13 06:34:32',2,2),
	(1873,'gDRnSSuIMu',39,NULL,NULL,91,0.00,NULL,'2014-10-30 15:48:50','2014-11-13 06:34:32',2,2),
	(1874,'2gX1SuGJVt',39,NULL,NULL,92,0.00,NULL,'2014-10-30 15:48:50','2014-11-13 06:34:32',2,2),
	(1875,'YDDnQ9v58K',39,NULL,NULL,93,0.00,NULL,'2014-10-30 15:48:50','2014-11-13 06:34:32',2,2),
	(1876,'gPsZyimb4V',34,NULL,NULL,104,25.00,25.00,'2014-10-31 11:12:39','2014-11-04 11:50:34',2,2),
	(1877,'UufduCzxK8',34,NULL,NULL,105,914.93,0.00,'2014-11-04 11:43:06','2014-11-04 11:54:56',2,2),
	(1878,'XbH3aysUWT',39,NULL,NULL,104,0.00,NULL,'2014-11-05 08:09:33','2014-12-04 08:24:13',2,2),
	(1879,'WJoxYDiGd2',39,NULL,NULL,105,0.00,NULL,'2014-12-04 08:12:48','2014-12-04 14:50:49',2,2);
ALTER TABLE `estimate_item` ENABLE KEYS;
UNLOCK TABLES;


LOCK TABLES `item_group` WRITE;
ALTER TABLE `item_group` DISABLE KEYS;
INSERT INTO `item_group` (`id`, `name`, `description`) VALUES 
	(1,'general','General'),
	(2,'rough_structure','Rough Structure'),
	(3,'mechanical','Mechanical'),
	(5,'exterior','Exterior'),
	(6,'interior','Interior'),
	(7,'closing','Closing');
ALTER TABLE `item_group` ENABLE KEYS;
UNLOCK TABLES;


LOCK TABLES `partner` WRITE;
ALTER TABLE `partner` DISABLE KEYS;
INSERT INTO `partner` (`builder_id`, `partner_id`) VALUES 
	(1,8),
	(1,10),
	(1,11),
	(1,12);
ALTER TABLE `partner` ENABLE KEYS;
UNLOCK TABLES;


LOCK TABLES `project` WRITE;
ALTER TABLE `project` DISABLE KEYS;
INSERT INTO `project` (`id`, `public_id`, `company_id`, `name`, `project_number`, `payment_type`, `overhead`, `contingency`, `margin`, `estimated_cost`, `actual_cost`, `state`, `start_date`, `end_date`, `basement_sq_ft`, `main_floor_sq_ft`, `upper_floor_sq_ft`, `garage_sq_ft`, `plan_filename`, `owner_email`, `bank_email`, `status`, `datetime_created`, `datetime_modified`, `user_created`, `user_modified`) VALUES 
	(34,'lwjyPAzreBoj',1,'Jensen Residence',0,'cost_plus',0.00,0.05,0.10,277265.16,125114.03,0,'2014-09-03',NULL,1552,2096,0,1022,'1408546813_lcItjJcQ.pdf',NULL,NULL,'Active','2014-10-27 23:31:48','2014-11-05 08:22:39',2,2),
	(39,'VJibrOLKWh',1,'The Body Shop Remodel',0,'cost_plus',NULL,0.05,0.10,211878.59,0.00,NULL,NULL,NULL,0,3800,0,1200,'1412901167_lcItjJcQ.pdf',NULL,NULL,'Pending','2014-10-09 18:32:47','2014-12-18 08:12:54',2,2),
	(44,'HT18vNsaDA',1,'Red Apple Marketplace',0,'cost_plus',NULL,0.06,0.10,354154.96,0.00,NULL,NULL,NULL,0,12250,0,0,NULL,NULL,NULL,'Pending','2014-10-30 00:07:49','2014-10-30 15:56:45',2,2);
ALTER TABLE `project` ENABLE KEYS;
UNLOCK TABLES;


LOCK TABLES `schedule` WRITE;
ALTER TABLE `schedule` DISABLE KEYS;
ALTER TABLE `schedule` ENABLE KEYS;
UNLOCK TABLES;


LOCK TABLES `schedule_item` WRITE;
ALTER TABLE `schedule_item` DISABLE KEYS;
ALTER TABLE `schedule_item` ENABLE KEYS;
UNLOCK TABLES;


LOCK TABLES `section` WRITE;
ALTER TABLE `section` DISABLE KEYS;
INSERT INTO `section` (`id`, `item_group_id`, `section_order`, `name`, `description`) VALUES 
	(1,1,1,'engineering_architectural','Engineering & Architectural'),
	(2,1,2,'permits_fees','Permits & Fees'),
	(3,2,1,'excavation','Excavation'),
	(4,2,2,'concrete','Concrete'),
	(5,2,3,'framing','Framing'),
	(6,2,4,'doors_windows','Doors & Windows'),
	(7,3,1,'plumbing','Plumbing'),
	(8,3,3,'electrical','Electrical'),
	(9,3,2,'hvac','Heating & Air Conditioning'),
	(10,3,4,'central_vac','Central Vacuum'),
	(11,3,5,'sound_system','Sound System'),
	(12,3,6,'networking','Networking'),
	(13,3,7,'appliances','Appliances'),
	(14,6,2,'drywall','Drywall'),
	(15,6,4,'trim_work','Trim Work'),
	(16,6,3,'painting','Painting'),
	(17,6,5,'cabinetry','Cabinetry'),
	(18,6,6,'countertops','Countertops'),
	(19,5,1,'masonry_stone','Masonry & Stone'),
	(20,5,2,'stucco','Stucco'),
	(21,5,3,'siding','Siding'),
	(22,5,4,'deck','Deck'),
	(23,5,5,'roofing','Roofing'),
	(24,5,6,'gutters','Gutters & Downspouts'),
	(26,6,1,'insulation','Insulation'),
	(27,6,6,'floorcoverings','Floorcoverings'),
	(28,6,7,'bathrooms','Bathrooms'),
	(29,6,8,'finishes','Finishes'),
	(33,7,2,'loan_costs','Loan Costs'),
	(34,7,4,'profit_margin','Profit Margin'),
	(35,7,3,'real_estate','Real Estate'),
	(36,1,3,'well_septic','Well & Septic'),
	(37,7,1,'cleaning','Cleaning'),
	(39,5,7,'site_work','Site Work'),
	(40,1,4,'site_requirements','Site Requirements');
ALTER TABLE `section` ENABLE KEYS;
UNLOCK TABLES;


LOCK TABLES `section_detail` WRITE;
ALTER TABLE `section_detail` DISABLE KEYS;
INSERT INTO `section_detail` (`id`, `section_item_id`, `section_detail_order`, `name`, `description`) VALUES 
	(1,16,NULL,'footing_labor','Footing Labor'),
	(2,16,NULL,'foundation_labor','Foundation Labor'),
	(3,16,NULL,'rebar','Rebar'),
	(4,16,NULL,'foundation_vents','Foundation Vents'),
	(5,17,NULL,'footing_materials','Footing Materials'),
	(6,17,NULL,'foundation_materials','Foundation Materials'),
	(7,18,NULL,'flatwork_labor','Flatwork Labor'),
	(8,19,NULL,'flatwork_materials','Flatwork Materials'),
	(9,20,NULL,'floor_package','Floor Package'),
	(10,20,NULL,'wall_package','Wall Package'),
	(11,20,NULL,'roof_package','Roof Package'),
	(12,20,NULL,'pick_up_package','Pick-up'),
	(13,23,NULL,'exterior_doors','Exterior Doors'),
	(14,24,NULL,'interior_doors','Interior Doors'),
	(15,25,NULL,'overhead_doors','Overhead Doors'),
	(16,26,NULL,'windows','Windows'),
	(17,22,NULL,'framing_labor','Framing Labor'),
	(19,57,NULL,'countertops','Countertops'),
	(20,58,NULL,'masonry_stone','Masonry & Stone'),
	(21,69,NULL,'floorcoverings','Floorcovering');
ALTER TABLE `section_detail` ENABLE KEYS;
UNLOCK TABLES;


LOCK TABLES `section_item` WRITE;
ALTER TABLE `section_item` DISABLE KEYS;
INSERT INTO `section_item` (`id`, `section_id`, `section_item_order`, `name`, `description`) VALUES 
	(1,1,NULL,'engineering_services','Engineering Services'),
	(2,1,NULL,'design_drafting','Design & Drafting'),
	(3,1,NULL,'copies','Copies'),
	(4,2,NULL,'building_permit','Building Permit'),
	(5,2,NULL,'septic_sewer_permit','Septic / Sewer Permit'),
	(6,2,NULL,'water_permit','Water Permit'),
	(7,40,NULL,'temp_power','Temporary Power'),
	(8,40,NULL,'temp_gas','Temporary Gas'),
	(9,2,NULL,'liability_ins','Liability Insurance'),
	(10,2,NULL,'risk_ins','Builders Risk Insurance'),
	(11,40,NULL,'portable_toilet','Portable Toilet'),
	(12,3,NULL,'excavation','Excavation'),
	(13,3,NULL,'backfill','Backfill'),
	(14,3,NULL,'sand_gravel','Sand & Gravel'),
	(15,3,NULL,'finish_grading','Finish Grading'),
	(16,4,NULL,'foundation_labor','Foundation Labor'),
	(17,4,NULL,'foundation_materials','Foundation Materials'),
	(18,4,NULL,'flatwork_labor','Flatwork Labor'),
	(19,4,NULL,'flatwork_materials','Flatwork Materials'),
	(20,5,NULL,'rough_lumber','Rough Lumber'),
	(21,5,NULL,'trusses','Trusses'),
	(22,5,NULL,'framing_labor','Framing Labor'),
	(23,6,NULL,'exterior_doors','Exterior Doors'),
	(24,6,NULL,'interior_doors','Interior Doors'),
	(25,6,NULL,'overhead_doors','Overhead Doors'),
	(26,6,NULL,'windows','Windows'),
	(27,7,NULL,'plumbing_labor_materials','Labor & Materials'),
	(28,7,NULL,'water_softener','Water Softener'),
	(29,7,NULL,'plumbing_fixture_allowance','Fixture Allowance'),
	(30,8,NULL,'labor_materials','Labor & Materials'),
	(31,8,NULL,'fixture_allowance','Fixture Allowance'),
	(32,9,NULL,'labor','Labor'),
	(33,9,NULL,'hvac_equipment','Equipment'),
	(34,9,NULL,'fireplace','Fireplace'),
	(35,10,NULL,'rough_in','Rough-In'),
	(36,10,NULL,'central_vac_equipment','Equipment'),
	(37,10,NULL,'central_vac_trim','Trim'),
	(38,11,NULL,'sound_pre_wire','Pre-Wire'),
	(39,11,NULL,'sound_equipment','Equipment'),
	(40,11,NULL,'sound_trim','Trim'),
	(41,12,NULL,'networking_pre_wire','Pre-wire'),
	(42,12,NULL,'networking_equipment','Equipment'),
	(43,12,NULL,'installation','Installation'),
	(44,13,NULL,'refrigerator','Refrigerator'),
	(45,13,NULL,'dishwasher','Dishwasher'),
	(46,13,NULL,'range','Range'),
	(47,13,NULL,'microwave','Microwave'),
	(48,13,NULL,'other','Other'),
	(49,14,2,'drywall_material','Material'),
	(50,14,1,'drywall_labor','Labor'),
	(51,15,NULL,'trimwork_labor','Labor'),
	(52,15,NULL,'trimwork_material','Material'),
	(53,16,NULL,'interior_paint','Interior Paint'),
	(54,16,NULL,'exterior_paint','Exterior Paint'),
	(55,17,NULL,'cabinets','Cabinets'),
	(56,17,NULL,'cabinet_installation','Installation'),
	(57,18,NULL,'countertops','Countertops'),
	(58,19,NULL,'masonry_stone','Labor & Material'),
	(60,20,NULL,'stucco','Labor & Material'),
	(61,21,NULL,'siding_labor','Labor'),
	(62,21,NULL,'siding_material','Material'),
	(63,22,NULL,'deck_labor','Labor'),
	(64,22,NULL,'deck_material','Material'),
	(65,23,NULL,'roofing_labor','Labor'),
	(66,23,NULL,'roofing_matrial','Material'),
	(67,24,NULL,'gutters','Labor & Material'),
	(68,26,NULL,'insulation','Labor & Material'),
	(69,27,NULL,'carpet','Carpet'),
	(70,28,NULL,'bathroom_mirrors','Mirrors'),
	(71,28,NULL,'shower_doors','Shower Doors'),
	(72,28,NULL,'bath_hardware','Bath Hardware'),
	(73,29,NULL,'finish_hardware','Finish Hardware'),
	(80,33,NULL,'appraisal','Appraisal'),
	(81,33,NULL,'title_insurance','Title Insurance'),
	(82,33,NULL,'origination_fees','Origination Fees'),
	(83,33,NULL,'loan_interest','Loan Interest'),
	(84,34,NULL,'overhead','Overhead'),
	(85,34,NULL,'contingency','Contingency'),
	(86,34,NULL,'margin','Margin'),
	(87,35,2,'real_estate_fee','Real Estate Fee'),
	(88,28,NULL,'tile_shower','Tile Shower'),
	(89,36,NULL,'water_well','Water Well'),
	(90,36,NULL,'septic_system','Septic System'),
	(91,35,1,'lot_land','Lot / Land'),
	(92,37,NULL,'interior_cleaning','Interior Cleaning'),
	(93,37,NULL,'exterior_cleaning','Exterior Cleaning'),
	(94,39,NULL,'sprinkler_system','Sprinkler System'),
	(95,39,NULL,'fencing','Fencing & Gates'),
	(96,39,NULL,'landscaping','Landscaping'),
	(97,39,NULL,'asphalt','Asphalt'),
	(98,27,NULL,'hardwood','Hardwood'),
	(99,27,NULL,'hardwood','Hardwood'),
	(100,27,NULL,'vinyl','Vinyl'),
	(101,27,NULL,'tile_labor','Tile Labor'),
	(102,27,NULL,'tile_materials','Tile Materials'),
	(103,2,NULL,'electrical_service','Electrical Service'),
	(104,2,NULL,'culvert_permit','Culvert Permit'),
	(105,27,NULL,'backsplash','Backsplash');
ALTER TABLE `section_item` ENABLE KEYS;
UNLOCK TABLES;


LOCK TABLES `site_user` WRITE;
ALTER TABLE `site_user` DISABLE KEYS;
INSERT INTO `site_user` (`id`, `public_id`, `company_id`, `group_id`, `account_type_id`, `last_name`, `first_name`, `phone`, `address`, `city`, `state`, `zip`, `email`, `password`, `terms`, `privacy`, `verified`, `datetime_created`, `datetime_modified`) VALUES 
	(2,'lcItjJcQ',1,1,1,'Hendershot','Kemish','(208) 250-2488','2632 SW 3 1/2 Ave.','Fruitland','ID','Kemish','kemish@builtbytimberline.com','7ed02cc8e39a99a58915815b449bd8c7',1,1,1,'2013-01-17 16:00:58','2015-12-04 10:33:50'),
	(42,'jmQpOWbcgMKo',1,3,2,'Hansen','Jordan','','','','ID','83616','jahansen@gmail.com','098f6bcd4621d373cade4e832627b4f6',0,0,1,'2013-07-18 22:11:31','2014-10-30 17:56:02'),
	(43,'OEjJbLlfcibZ',1,2,2,'Hendershot','Kristine','','','Fruitland','ID','83619','krissyhendy@gmail.com','bb060002644b2174ccedb17de4c730177ee23163',0,0,1,'2013-07-18 22:42:11','2013-09-05 11:02:51'),
	(44,'MtMvoVjQmSSU',1,3,2,'Jensen','Kip','','','Fruitland','ID','83619','kipandmindy@yahoo.com','7107c189f0fc0f2765fed244bb9ddbc8',0,0,1,'2014-07-28 10:19:43','2014-12-08 12:23:06'),
	(45,'Pjx9buUPf3',1,3,1,'Smith','Jim',NULL,NULL,'Fruitland','ID','83619','jim@thebodyshopfitnesscenters.com','e85202aa77d04d5b05fbb74d08ab858f',1,1,1,'2014-10-29 22:01:29','2014-11-05 08:05:20'),
	(46,'XrGH4AW57r',1,3,1,'Serano','Kimmie',NULL,NULL,'Fruitland','ID','83619','kimmies@icloud.com','0701bafeae1c48373a5bc782131fdd65',1,1,1,'2014-10-30 15:23:20','2014-10-30 17:58:24');
ALTER TABLE `site_user` ENABLE KEYS;
UNLOCK TABLES;


LOCK TABLES `site_user_group` WRITE;
ALTER TABLE `site_user_group` DISABLE KEYS;
INSERT INTO `site_user_group` (`id`, `name`) VALUES 
	(1,'Administrator'),
	(2,'Manager'),
	(3,'User');
ALTER TABLE `site_user_group` ENABLE KEYS;
UNLOCK TABLES;


LOCK TABLES `site_user_project` WRITE;
ALTER TABLE `site_user_project` DISABLE KEYS;
INSERT INTO `site_user_project` (`user_id`, `project_id`) VALUES 
	(2,34),
	(2,36),
	(2,1),
	(2,39),
	(2,40),
	(2,41),
	(2,42),
	(2,1),
	(2,43),
	(45,39),
	(2,44),
	(46,44),
	(2,45),
	(2,46),
	(2,47),
	(2,1),
	(44,34);
ALTER TABLE `site_user_project` ENABLE KEYS;
UNLOCK TABLES;


LOCK TABLES `state` WRITE;
ALTER TABLE `state` DISABLE KEYS;
INSERT INTO `state` (`id`, `abbr`, `desc`, `tax_rate`) VALUES 
	(1,'AL','Alabama',1.00),
	(2,'AK','Alaska',1.00),
	(3,'ID','Idaho ',6.00);
ALTER TABLE `state` ENABLE KEYS;
UNLOCK TABLES;




SET FOREIGN_KEY_CHECKS = @PREVIOUS_FOREIGN_KEY_CHECKS;


