-- MySQL dump 10.13  Distrib 5.7.12, for osx10.11 (x86_64)
--
-- Host: localhost    Database: buildcommand
-- ------------------------------------------------------
-- Server version	5.7.12

/*!40101 SET @OLD_CHARACTER_SET_CLIENT=@@CHARACTER_SET_CLIENT */;
/*!40101 SET @OLD_CHARACTER_SET_RESULTS=@@CHARACTER_SET_RESULTS */;
/*!40101 SET @OLD_COLLATION_CONNECTION=@@COLLATION_CONNECTION */;
/*!40101 SET NAMES utf8 */;
/*!40103 SET @OLD_TIME_ZONE=@@TIME_ZONE */;
/*!40103 SET TIME_ZONE='+00:00' */;
/*!40014 SET @OLD_UNIQUE_CHECKS=@@UNIQUE_CHECKS, UNIQUE_CHECKS=0 */;
/*!40014 SET @OLD_FOREIGN_KEY_CHECKS=@@FOREIGN_KEY_CHECKS, FOREIGN_KEY_CHECKS=0 */;
/*!40101 SET @OLD_SQL_MODE=@@SQL_MODE, SQL_MODE='NO_AUTO_VALUE_ON_ZERO' */;
/*!40111 SET @OLD_SQL_NOTES=@@SQL_NOTES, SQL_NOTES=0 */;

--
-- Table structure for table `account_speciality`
--

DROP TABLE IF EXISTS `account_speciality`;
/*!40101 SET @saved_cs_client     = @@character_set_client */;
/*!40101 SET character_set_client = utf8 */;
CREATE TABLE `account_speciality` (
  `id` int(11) unsigned NOT NULL AUTO_INCREMENT,
  `account_type_id` int(11) unsigned NOT NULL,
  `name` varchar(100) NOT NULL,
  PRIMARY KEY (`id`)
) ENGINE=InnoDB AUTO_INCREMENT=21 DEFAULT CHARSET=latin1;
/*!40101 SET character_set_client = @saved_cs_client */;

--
-- Dumping data for table `account_speciality`
--

LOCK TABLES `account_speciality` WRITE;
/*!40000 ALTER TABLE `account_speciality` DISABLE KEYS */;
INSERT INTO `account_speciality` VALUES (1,2,'Framing'),(2,2,'Electrical'),(3,2,'Drywall'),(4,2,'Plumbing'),(5,2,'Landscaping'),(6,2,'Interior Finish'),(7,2,'Concrete Foundation'),(8,2,'Concrete Flatwork'),(9,2,'Insulation'),(10,2,'HVAC'),(11,2,'Excavation'),(12,3,'Central Vacuum'),(13,2,'Networking'),(14,3,'Sound System'),(15,2,'Cabinets'),(16,3,'Countertops'),(17,3,'Flooring'),(18,3,'Rough Lumber'),(19,3,'Windows'),(20,3,'Doors');
/*!40000 ALTER TABLE `account_speciality` ENABLE KEYS */;
UNLOCK TABLES;

--
-- Table structure for table `account_speciality_link`
--

DROP TABLE IF EXISTS `account_speciality_link`;
/*!40101 SET @saved_cs_client     = @@character_set_client */;
/*!40101 SET character_set_client = utf8 */;
CREATE TABLE `account_speciality_link` (
  `id` int(11) NOT NULL AUTO_INCREMENT,
  `company_id` int(11) unsigned NOT NULL DEFAULT '0',
  `account_speciality_id` int(11) unsigned NOT NULL DEFAULT '0',
  PRIMARY KEY (`id`)
) ENGINE=InnoDB AUTO_INCREMENT=3 DEFAULT CHARSET=utf8;
/*!40101 SET character_set_client = @saved_cs_client */;

--
-- Dumping data for table `account_speciality_link`
--

LOCK TABLES `account_speciality_link` WRITE;
/*!40000 ALTER TABLE `account_speciality_link` DISABLE KEYS */;
INSERT INTO `account_speciality_link` VALUES (1,13,7),(2,13,8);
/*!40000 ALTER TABLE `account_speciality_link` ENABLE KEYS */;
UNLOCK TABLES;

--
-- Table structure for table `account_type`
--

DROP TABLE IF EXISTS `account_type`;
/*!40101 SET @saved_cs_client     = @@character_set_client */;
/*!40101 SET character_set_client = utf8 */;
CREATE TABLE `account_type` (
  `id` int(11) unsigned NOT NULL AUTO_INCREMENT,
  `name` varchar(255) NOT NULL,
  PRIMARY KEY (`id`)
) ENGINE=InnoDB AUTO_INCREMENT=6 DEFAULT CHARSET=latin1;
/*!40101 SET character_set_client = @saved_cs_client */;

--
-- Dumping data for table `account_type`
--

LOCK TABLES `account_type` WRITE;
/*!40000 ALTER TABLE `account_type` DISABLE KEYS */;
INSERT INTO `account_type` VALUES (1,'Builder'),(2,'Contractor'),(3,'Supplier'),(4,'Realtor'),(5,'Lendor');
/*!40000 ALTER TABLE `account_type` ENABLE KEYS */;
UNLOCK TABLES;

--
-- Table structure for table `company`
--

DROP TABLE IF EXISTS `company`;
/*!40101 SET @saved_cs_client     = @@character_set_client */;
/*!40101 SET character_set_client = utf8 */;
CREATE TABLE `company` (
  `id` int(11) unsigned NOT NULL AUTO_INCREMENT,
  `public_id` varchar(24) NOT NULL,
  `account_type_id` int(11) unsigned NOT NULL,
  `account_speciality_id` int(11) unsigned DEFAULT NULL,
  `name` varchar(255) NOT NULL,
  `contact_name` varchar(128) DEFAULT NULL,
  `address` varchar(255) DEFAULT NULL,
  `city` varchar(50) NOT NULL DEFAULT '',
  `state` varchar(2) NOT NULL DEFAULT '',
  `zip` varchar(10) NOT NULL DEFAULT '',
  `phone` varchar(50) DEFAULT NULL,
  `fax` varchar(50) DEFAULT NULL,
  `email` varchar(100) DEFAULT NULL,
  `license_number` varchar(200) NOT NULL DEFAULT '',
  `logo` varchar(255) DEFAULT NULL,
  `datetime_created` datetime NOT NULL DEFAULT '0000-00-00 00:00:00',
  `datetime_modified` datetime NOT NULL DEFAULT '0000-00-00 00:00:00',
  `user_created` int(11) NOT NULL DEFAULT '0',
  `user_modified` int(11) NOT NULL DEFAULT '0',
  PRIMARY KEY (`id`)
) ENGINE=InnoDB AUTO_INCREMENT=14 DEFAULT CHARSET=latin1;
/*!40101 SET character_set_client = @saved_cs_client */;

--
-- Dumping data for table `company`
--

LOCK TABLES `company` WRITE;
/*!40000 ALTER TABLE `company` DISABLE KEYS */;
INSERT INTO `company` VALUES (1,'D9YKsyFl',1,NULL,'Timberline Building Company :: TBC Homes',NULL,'2632 SW 3 1/2 Ave','Fruitland','ID','83619','(208) 740-3224','(208) 401-0496','info@tbchomes.net','RCE-11353',NULL,'2014-10-29 22:37:17','2015-09-29 20:18:33',2,2),(8,'JxxDEYTDXiVt',2,11,'L&M Excavation',NULL,'','New Plymouth','ID','','','','larry@test.com','',NULL,'2013-09-04 22:34:51','2013-09-04 22:34:51',0,0),(9,'IOAKNhwRhYoz',2,11,'Hard Rock Excavation',NULL,'','Boise','ID','','','','another@test.com','',NULL,'2013-09-04 22:35:10','2013-09-04 22:35:10',0,0),(11,'ydzSkEGKuLeY',2,3,'Pannell\'s Drywall Express',NULL,'500 N. 42nd St.','Nampa','ID','83687','(208) 442-6888','','drywallexpress@yahoo.com','RCT-2152',NULL,'2013-09-04 23:00:32','2013-09-04 23:00:32',0,0),(12,'gOGwcmzGUZBn',3,18,'Franklin Building Supply',NULL,'1200 N. Whitley Dr.','Fruitland','ID','83619','','','','',NULL,'2014-07-26 17:18:16','2014-07-26 17:18:16',0,0),(13,'LIG8kWGMss',2,7,'Aeon Concrete, LLC','Shawn Bjorner','6117 W. Lubkin St.','Boise','ID','83704','','','','RCE-38646',NULL,'2015-10-08 16:28:07','2015-10-08 16:28:07',2,2);
/*!40000 ALTER TABLE `company` ENABLE KEYS */;
UNLOCK TABLES;

--
-- Table structure for table `draw_request`
--

DROP TABLE IF EXISTS `draw_request`;
/*!40101 SET @saved_cs_client     = @@character_set_client */;
/*!40101 SET character_set_client = utf8 */;
CREATE TABLE `draw_request` (
  `id` int(11) NOT NULL AUTO_INCREMENT,
  `public_id` varchar(14) NOT NULL DEFAULT '',
  `project_id` int(11) unsigned NOT NULL DEFAULT '0',
  `draw_amount` decimal(13,2) DEFAULT '0.00',
  `status` enum('Pending','Submitted','Paid') DEFAULT 'Pending',
  `datetime_created` datetime NOT NULL DEFAULT '0000-00-00 00:00:00',
  `datetime_modified` date NOT NULL DEFAULT '0000-00-00',
  `datetime_submitted` datetime DEFAULT NULL,
  `user_created` int(11) unsigned NOT NULL DEFAULT '0',
  `user_modified` int(11) unsigned NOT NULL DEFAULT '0',
  PRIMARY KEY (`id`)
) ENGINE=InnoDB AUTO_INCREMENT=2 DEFAULT CHARSET=utf8;
/*!40101 SET character_set_client = @saved_cs_client */;

--
-- Dumping data for table `draw_request`
--

LOCK TABLES `draw_request` WRITE;
/*!40000 ALTER TABLE `draw_request` DISABLE KEYS */;
INSERT INTO `draw_request` VALUES (1,'7mg0psfzNS',47,3592.50,'Pending','2015-10-08 16:29:41','2015-10-08',NULL,2,2);
/*!40000 ALTER TABLE `draw_request` ENABLE KEYS */;
UNLOCK TABLES;

--
-- Table structure for table `draw_request_item`
--

DROP TABLE IF EXISTS `draw_request_item`;
/*!40101 SET @saved_cs_client     = @@character_set_client */;
/*!40101 SET character_set_client = utf8 */;
CREATE TABLE `draw_request_item` (
  `id` int(11) unsigned NOT NULL AUTO_INCREMENT,
  `draw_request_id` int(11) unsigned NOT NULL DEFAULT '0',
  `payee_id` int(11) unsigned NOT NULL DEFAULT '0',
  `estimate_item_id` int(11) unsigned NOT NULL DEFAULT '0',
  `amount` decimal(13,2) NOT NULL DEFAULT '0.00',
  PRIMARY KEY (`id`)
) ENGINE=InnoDB AUTO_INCREMENT=2 DEFAULT CHARSET=utf8;
/*!40101 SET character_set_client = @saved_cs_client */;

--
-- Dumping data for table `draw_request_item`
--

LOCK TABLES `draw_request_item` WRITE;
/*!40000 ALTER TABLE `draw_request_item` DISABLE KEYS */;
INSERT INTO `draw_request_item` VALUES (1,1,13,2152,3592.50);
/*!40000 ALTER TABLE `draw_request_item` ENABLE KEYS */;
UNLOCK TABLES;

--
-- Table structure for table `estimate`
--

DROP TABLE IF EXISTS `estimate`;
/*!40101 SET @saved_cs_client     = @@character_set_client */;
/*!40101 SET character_set_client = utf8 */;
CREATE TABLE `estimate` (
  `id` int(11) unsigned NOT NULL AUTO_INCREMENT,
  `project_id` int(11) NOT NULL,
  `section_id` int(11) NOT NULL DEFAULT '0',
  `estimated_cost` decimal(13,2) DEFAULT '0.00',
  `actual_cost` decimal(13,2) DEFAULT '0.00',
  PRIMARY KEY (`id`)
) ENGINE=InnoDB AUTO_INCREMENT=242 DEFAULT CHARSET=utf8;
/*!40101 SET character_set_client = @saved_cs_client */;

--
-- Dumping data for table `estimate`
--

LOCK TABLES `estimate` WRITE;
/*!40000 ALTER TABLE `estimate` DISABLE KEYS */;
INSERT INTO `estimate` VALUES (16,34,1,100.00,44.84),(17,34,2,4352.25,2614.75),(18,34,36,15000.00,0.00),(19,34,40,900.00,277.10),(20,34,3,10250.00,7080.00),(21,34,4,33618.65,30475.20),(22,34,5,43729.89,46564.63),(23,34,6,10068.89,1746.88),(24,34,7,13830.00,9288.00),(25,34,8,11920.00,7640.00),(26,34,9,19641.00,0.00),(27,34,10,480.00,480.00),(28,34,11,0.00,NULL),(29,34,12,0.00,NULL),(30,34,13,3200.00,0.00),(31,34,14,15581.42,0.00),(32,34,15,9360.40,0.00),(33,34,16,6634.40,0.00),(34,34,17,6528.00,0.00),(35,34,18,1330.00,0.00),(36,34,26,4856.00,0.00),(37,34,27,8200.34,0.00),(38,34,28,741.53,0.00),(39,34,29,754.93,0.00),(40,34,33,0.00,NULL),(41,34,34,0.00,4662.82),(42,34,35,0.00,NULL),(43,34,37,0.00,NULL),(44,34,19,0.00,NULL),(45,34,20,0.00,NULL),(46,34,21,11862.44,14239.81),(47,34,22,0.00,NULL),(48,34,23,6910.00,0.00),(49,34,24,1250.00,0.00),(50,34,39,0.00,NULL),(51,44,1,3650.00,NULL),(52,44,2,14800.00,NULL),(53,44,36,0.00,NULL),(54,44,40,770.00,NULL),(55,44,3,6500.00,NULL),(56,44,4,26386.00,NULL),(57,44,5,55000.00,NULL),(58,44,6,12200.00,NULL),(59,44,7,30000.00,NULL),(60,44,8,50000.00,NULL),(61,44,9,50000.00,NULL),(62,44,10,0.00,NULL),(63,44,11,0.00,NULL),(64,44,12,0.00,NULL),(65,44,13,0.00,NULL),(66,44,14,0.00,NULL),(67,44,15,0.00,NULL),(68,44,16,6000.00,NULL),(69,44,17,0.00,NULL),(70,44,18,0.00,NULL),(71,44,26,12000.00,NULL),(72,44,27,0.00,NULL),(73,44,28,0.00,NULL),(74,44,29,0.00,NULL),(75,44,19,0.00,NULL),(76,44,20,0.00,NULL),(77,44,21,12000.00,NULL),(78,44,22,0.00,NULL),(79,44,23,26000.00,NULL),(80,44,24,0.00,NULL),(81,44,39,0.00,NULL),(82,44,33,0.00,NULL),(83,44,34,0.00,NULL),(84,44,35,0.00,NULL),(85,44,37,0.00,NULL),(86,39,1,2355.00,NULL),(87,39,2,5559.75,NULL),(88,39,36,0.00,NULL),(89,39,40,100.00,NULL),(90,39,3,10200.00,NULL),(91,39,4,15586.50,NULL),(92,39,5,13410.00,NULL),(93,39,6,8913.43,NULL),(94,39,7,7430.00,NULL),(95,39,8,23696.00,NULL),(96,39,9,57076.00,NULL),(97,39,10,0.00,NULL),(98,39,11,0.00,NULL),(99,39,12,0.00,NULL),(100,39,13,0.00,NULL),(101,39,14,9120.61,NULL),(102,39,15,400.00,NULL),(103,39,16,5495.00,NULL),(104,39,17,0.00,NULL),(105,39,18,0.00,NULL),(106,39,26,3028.43,NULL),(107,39,27,0.00,NULL),(108,39,28,1000.00,NULL),(109,39,29,350.00,NULL),(110,39,19,0.00,NULL),(111,39,20,0.00,NULL),(112,39,21,6788.63,NULL),(113,39,22,0.00,NULL),(114,39,23,25760.18,NULL),(115,39,24,0.00,NULL),(116,39,39,0.00,NULL),(117,39,33,0.00,NULL),(118,39,34,0.00,NULL),(119,39,35,0.00,NULL),(120,39,37,0.00,NULL),(141,45,1,1196.50,NULL),(142,45,2,2050.00,NULL),(143,45,36,0.00,NULL),(144,45,40,375.00,NULL),(145,45,3,8000.00,NULL),(146,45,4,25410.00,NULL),(147,45,5,18705.08,NULL),(148,45,6,2926.82,NULL),(149,45,7,3880.00,NULL),(150,45,9,13250.00,NULL),(151,45,8,7152.50,NULL),(152,45,10,500.00,NULL),(153,45,11,0.00,NULL),(154,45,12,0.00,NULL),(155,45,13,8000.00,NULL),(156,45,26,3360.00,NULL),(157,45,14,6882.00,NULL),(158,45,16,7286.20,NULL),(159,45,15,7470.75,NULL),(160,45,17,800.00,NULL),(161,45,18,330.00,NULL),(162,45,27,6618.00,NULL),(163,45,28,550.00,NULL),(164,45,29,500.00,NULL),(165,45,19,1250.00,NULL),(166,45,20,0.00,NULL),(167,45,21,5300.00,NULL),(168,45,22,0.00,NULL),(169,45,23,2319.00,NULL),(170,45,24,500.00,NULL),(171,45,39,0.00,NULL),(172,45,37,671.45,NULL),(173,45,33,0.00,NULL),(174,45,35,0.00,NULL),(175,45,34,0.00,NULL),(176,46,1,2120.00,NULL),(177,46,2,11800.00,NULL),(178,46,36,0.00,NULL),(179,46,40,0.00,NULL),(180,46,3,0.00,NULL),(181,46,4,0.00,NULL),(182,46,5,0.00,NULL),(183,46,6,0.00,NULL),(184,46,7,0.00,NULL),(185,46,9,0.00,NULL),(186,46,8,0.00,NULL),(187,46,10,0.00,NULL),(188,46,11,0.00,NULL),(189,46,12,0.00,NULL),(190,46,13,0.00,NULL),(191,46,26,0.00,NULL),(192,46,14,0.00,NULL),(193,46,16,0.00,NULL),(194,46,15,0.00,NULL),(195,46,17,0.00,NULL),(196,46,18,0.00,NULL),(197,46,27,0.00,NULL),(198,46,28,0.00,NULL),(199,46,29,0.00,NULL),(200,46,19,0.00,NULL),(201,46,20,0.00,NULL),(202,46,21,0.00,NULL),(203,46,22,0.00,NULL),(204,46,23,0.00,NULL),(205,46,24,0.00,NULL),(206,46,39,0.00,NULL),(207,47,1,40.00,NULL),(208,47,2,743.25,NULL),(209,47,36,0.00,NULL),(210,47,40,90.00,NULL),(211,47,3,2500.00,NULL),(212,47,4,3800.00,NULL),(213,47,5,12244.41,NULL),(214,47,6,4379.46,NULL),(215,47,7,0.00,NULL),(216,47,9,0.00,NULL),(217,47,8,3000.00,NULL),(218,47,10,0.00,NULL),(219,47,11,0.00,NULL),(220,47,12,0.00,NULL),(221,47,13,0.00,NULL),(222,47,26,0.00,NULL),(223,47,14,0.00,NULL),(224,47,16,1500.00,NULL),(225,47,15,0.00,NULL),(226,47,17,0.00,NULL),(227,47,18,0.00,NULL),(228,47,27,0.00,NULL),(229,47,28,0.00,NULL),(230,47,29,0.00,NULL),(231,47,19,0.00,NULL),(232,47,20,0.00,NULL),(233,47,21,8190.00,NULL),(234,47,22,0.00,NULL),(235,47,23,3350.00,NULL),(236,47,24,0.00,NULL),(237,47,39,0.00,NULL),(238,47,37,0.00,NULL),(239,47,33,0.00,NULL),(240,47,35,0.00,NULL),(241,47,34,0.00,NULL);
/*!40000 ALTER TABLE `estimate` ENABLE KEYS */;
UNLOCK TABLES;

--
-- Table structure for table `estimate_detail`
--

DROP TABLE IF EXISTS `estimate_detail`;
/*!40101 SET @saved_cs_client     = @@character_set_client */;
/*!40101 SET character_set_client = utf8 */;
CREATE TABLE `estimate_detail` (
  `id` int(11) DEFAULT NULL,
  `section_detail_id` int(11) NOT NULL DEFAULT '0',
  `description` varchar(255) DEFAULT NULL,
  `type` varchar(128) DEFAULT NULL,
  `count` int(11) DEFAULT '0',
  `length` decimal(13,2) DEFAULT '0.00',
  `width` decimal(13,2) DEFAULT '0.00',
  `height` decimal(13,2) DEFAULT '0.00',
  `depth` decimal(13,2) DEFAULT '0.00',
  `cost_per_item` decimal(13,2) DEFAULT '0.00',
  `estimated_cost` decimal(13,2) DEFAULT '0.00',
  `actual_cost` decimal(13,2) DEFAULT '0.00',
  `datetime_created` datetime NOT NULL DEFAULT '0000-00-00 00:00:00',
  `datetime_modified` datetime NOT NULL DEFAULT '0000-00-00 00:00:00',
  `user_created` varchar(11) DEFAULT NULL,
  `user_modified` varchar(11) DEFAULT NULL
) ENGINE=InnoDB DEFAULT CHARSET=utf8;
/*!40101 SET character_set_client = @saved_cs_client */;

--
-- Dumping data for table `estimate_detail`
--

LOCK TABLES `estimate_detail` WRITE;
/*!40000 ALTER TABLE `estimate_detail` DISABLE KEYS */;
/*!40000 ALTER TABLE `estimate_detail` ENABLE KEYS */;
UNLOCK TABLES;

--
-- Table structure for table `estimate_item`
--

DROP TABLE IF EXISTS `estimate_item`;
/*!40101 SET @saved_cs_client     = @@character_set_client */;
/*!40101 SET character_set_client = utf8 */;
CREATE TABLE `estimate_item` (
  `id` int(11) unsigned NOT NULL AUTO_INCREMENT,
  `public_id` varchar(32) NOT NULL DEFAULT '',
  `project_id` int(11) unsigned NOT NULL,
  `partner_id` int(11) unsigned DEFAULT NULL,
  `estimate_file` varchar(255) DEFAULT NULL,
  `section_item_id` int(11) unsigned DEFAULT NULL,
  `estimated_cost` decimal(13,2) DEFAULT NULL,
  `actual_cost` decimal(13,2) DEFAULT NULL,
  `datetime_created` datetime NOT NULL DEFAULT '0000-00-00 00:00:00',
  `datetime_modified` datetime NOT NULL DEFAULT '0000-00-00 00:00:00',
  `user_created` int(11) DEFAULT '0',
  `user_modified` int(11) DEFAULT '0',
  PRIMARY KEY (`id`)
) ENGINE=InnoDB AUTO_INCREMENT=2228 DEFAULT CHARSET=utf8;
/*!40101 SET character_set_client = @saved_cs_client */;

--
-- Dumping data for table `estimate_item`
--

LOCK TABLES `estimate_item` WRITE;
/*!40000 ALTER TABLE `estimate_item` DISABLE KEYS */;
INSERT INTO `estimate_item` VALUES (942,'MqVJibjUdqVw',34,NULL,NULL,1,0.00,0.00,'2014-10-27 15:41:41','2014-11-04 11:50:34',2,2),(943,'tobuoCfMZCyu',34,NULL,NULL,2,0.00,0.00,'2014-10-27 15:41:41','2014-11-04 11:50:34',2,2),(944,'LpBVFkBYPLJu',34,NULL,NULL,3,100.00,44.84,'2014-10-27 15:41:41','2014-11-04 11:50:34',2,2),(945,'szBlfeFuUonv',34,NULL,NULL,4,1889.75,1889.75,'2014-10-27 15:41:41','2014-11-04 11:50:34',2,2),(946,'MtsgTpprvOjs',34,NULL,NULL,5,700.00,700.00,'2014-10-27 15:41:41','2014-11-04 11:50:34',2,2),(947,'IDOcjOeSXtss',34,NULL,NULL,6,0.00,0.00,'2014-10-27 15:41:41','2014-11-04 11:50:34',2,2),(948,'ApPPwKzzYBLF',34,NULL,NULL,7,500.00,90.70,'2014-10-27 15:41:41','2014-11-04 11:50:34',2,2),(949,'OctQcOhyzfMD',34,NULL,NULL,8,0.00,0.00,'2014-10-27 15:41:41','2014-11-04 11:50:34',2,2),(950,'lbYNIHFuyUrP',34,NULL,NULL,9,422.50,0.00,'2014-10-27 15:41:41','2014-11-04 11:50:34',2,2),(951,'xgpddVvpEmpy',34,NULL,NULL,10,250.00,0.00,'2014-10-27 15:41:41','2014-11-04 11:50:34',2,2),(952,'bvYvnNbjvLvL',34,NULL,NULL,11,400.00,186.40,'2014-10-27 15:41:41','2014-11-04 11:50:34',2,2),(953,'gcbmPFudEGzB',34,NULL,NULL,89,10000.00,0.00,'2014-10-27 15:41:41','2014-11-04 11:50:34',2,2),(954,'hbBxmmFMArdH',34,NULL,NULL,90,5000.00,0.00,'2014-10-27 15:41:41','2014-11-04 11:50:34',2,2),(955,'ptQghlcvLLHz',34,NULL,NULL,26,4056.73,0.00,'2014-10-27 16:20:48','2014-11-04 11:52:27',2,2),(956,'lOGQkBjAEYei',34,NULL,NULL,22,13128.00,13728.00,'2014-10-27 16:20:48','2014-11-04 11:52:27',2,2),(957,'vpvIBsIrghCG',34,NULL,NULL,61,4500.00,5100.00,'2014-10-27 22:43:06','2014-11-05 08:22:39',2,2),(958,'BWzeMsMqQDkj',34,NULL,NULL,63,0.00,0.00,'2014-10-27 22:43:06','2014-11-05 08:22:39',2,2),(959,'fuyroBXbrJgX',34,NULL,NULL,25,1840.00,0.00,'2014-10-27 16:20:48','2014-11-04 11:52:27',2,2),(960,'ABiYcybItVYq',34,NULL,NULL,27,13830.00,9288.00,'2014-10-27 19:48:05','2014-11-04 11:12:13',2,2),(961,'AHnGqcCULVtS',34,NULL,NULL,65,6910.00,0.00,'2014-10-27 22:43:06','2014-11-05 08:22:39',2,2),(962,'HGuBAugmdCFT',34,NULL,NULL,66,0.00,0.00,'2014-10-27 22:43:06','2014-11-05 08:22:39',2,2),(963,'dtekQhUnvhUJ',34,NULL,NULL,51,4698.22,0.00,'2014-10-27 19:48:19','2014-11-04 11:54:56',2,2),(964,'ZXdGnJJEFLZV',34,NULL,NULL,53,3982.40,0.00,'2014-10-27 19:48:19','2014-11-04 11:54:56',2,2),(965,'sePVVFLAwznz',34,NULL,NULL,54,2652.00,0.00,'2014-10-27 19:48:19','2014-11-04 11:54:56',2,2),(966,'qcltxeXSZKws',34,NULL,NULL,12,8000.00,5286.00,'2014-10-27 16:20:48','2014-11-04 11:52:27',2,2),(967,'XqHiAkNXwOlf',34,NULL,NULL,14,2000.00,1794.00,'2014-10-27 16:20:48','2014-11-04 11:52:27',2,2),(968,'JyPHbbimvXIw',34,NULL,NULL,15,250.00,0.00,'2014-10-27 16:20:48','2014-11-04 11:52:27',2,2),(969,'qQDmWovyhqJj',34,NULL,NULL,44,1200.00,0.00,'2014-10-27 19:48:05','2014-11-04 11:12:13',2,2),(970,'yPSvcyheYrtb',34,NULL,NULL,45,800.00,0.00,'2014-10-27 19:48:05','2014-11-04 11:12:13',2,2),(971,'yEWdjcUWWUIh',34,NULL,NULL,46,800.00,0.00,'2014-10-27 19:48:05','2014-11-04 11:12:13',2,2),(972,'fHvgqtjdnmtl',34,NULL,NULL,47,400.00,0.00,'2014-10-27 19:48:05','2014-11-04 11:12:13',2,2),(973,'EuKEcHldcCAs',34,NULL,NULL,48,0.00,0.00,'2014-10-27 19:48:05','2014-11-04 11:12:13',2,2),(974,'pXgwYjRBZJmG',34,NULL,NULL,30,9920.00,7640.00,'2014-10-27 19:48:05','2014-11-04 11:12:13',2,2),(975,'tiTCnonOBZFN',34,NULL,NULL,31,2000.00,0.00,'2014-10-27 19:48:05','2014-11-04 11:12:13',2,2),(976,'UfvgkuRVmLMP',34,NULL,NULL,67,1250.00,0.00,'2014-10-27 22:43:06','2014-11-05 08:22:39',2,2),(977,'ludwIiUJZzqg',34,NULL,NULL,80,0.00,0.00,'2014-10-27 19:48:21','2014-10-31 11:12:56',2,2),(978,'fKZDTxFeXMqk',34,NULL,NULL,81,0.00,0.00,'2014-10-27 19:48:21','2014-10-31 11:12:56',2,2),(979,'gOYWfbxyFAeV',34,NULL,NULL,82,0.00,0.00,'2014-10-27 19:48:21','2014-10-31 11:12:56',2,2),(980,'ycbcDiQIerNY',34,NULL,NULL,83,0.00,0.00,'2014-10-27 19:48:21','2014-10-31 11:12:56',2,2),(981,'AKoZBoMgLVtM',34,NULL,NULL,91,0.00,0.00,'2014-10-27 19:48:21','2014-10-31 11:12:56',2,2),(982,'QsBWcmTRMdFb',34,NULL,NULL,87,0.00,0.00,'2014-10-27 19:48:21','2014-10-31 11:12:56',2,2),(983,'tQnoMxcnGjPH',34,NULL,NULL,70,400.00,0.00,'2014-10-27 19:48:19','2014-11-04 11:54:56',2,2),(984,'YwioLFjzUOIT',34,NULL,NULL,71,0.00,0.00,'2014-10-27 19:48:19','2014-11-04 11:54:56',2,2),(985,'ToGmPGUJAzzo',34,NULL,NULL,72,341.53,0.00,'2014-10-27 19:48:19','2014-11-04 11:54:56',2,2),(986,'iYYhVIwnfbwb',34,NULL,NULL,88,0.00,0.00,'2014-10-27 19:48:19','2014-11-04 11:54:56',2,2),(987,'RcvcVfNbSPHn',34,NULL,NULL,73,754.93,0.00,'2014-10-27 19:48:19','2014-11-04 11:54:56',2,2),(988,'wyoGAkAfSbjF',34,NULL,NULL,52,4662.18,0.00,'2014-10-27 19:48:19','2014-11-04 11:54:56',2,2),(989,'fHLlqbSGuBES',34,NULL,NULL,55,6528.00,0.00,'2014-10-27 19:48:19','2014-11-04 11:54:56',2,2),(990,'dvMceZpxutiH',34,NULL,NULL,16,16791.00,16791.00,'2014-10-27 16:20:48','2014-11-04 11:52:27',2,2),(991,'lKxjvjxQUgFb',34,NULL,NULL,18,5039.65,3208.20,'2014-10-27 16:20:48','2014-11-04 11:52:27',2,2),(992,'rsAHzQKOwoWo',34,NULL,NULL,50,9486.27,0.00,'2014-10-27 19:48:19','2014-11-04 11:54:56',2,2),(993,'osPrGrJmroqH',34,NULL,NULL,49,6095.15,0.00,'2014-10-27 19:48:19','2014-11-04 11:54:56',2,2),(994,'iVMookpoMzBF',34,NULL,NULL,20,17792.00,19149.44,'2014-10-27 16:20:48','2014-11-04 11:52:27',2,2),(995,'enGHCQssZCny',34,NULL,NULL,NULL,4535.37,0.00,'0000-00-00 00:00:00','0000-00-00 00:00:00',0,0),(996,'wXiLGxwNpjcM',34,NULL,NULL,NULL,8994.45,0.00,'0000-00-00 00:00:00','0000-00-00 00:00:00',0,0),(997,'cKBiMARcRZYN',34,NULL,NULL,NULL,4063.86,0.00,'0000-00-00 00:00:00','0000-00-00 00:00:00',0,0),(998,'ElzHJjCAIFDF',34,NULL,NULL,NULL,200.00,0.00,'0000-00-00 00:00:00','0000-00-00 00:00:00',0,0),(999,'iPbbVlBbpTSJ',34,NULL,NULL,62,7362.44,9139.81,'2014-10-27 22:43:06','2014-11-05 08:22:39',2,2),(1000,'oIGKLTOcrUrt',34,NULL,NULL,64,0.00,0.00,'2014-10-27 22:43:06','2014-11-05 08:22:39',2,2),(1001,'mSKeYXkUMXmF',34,NULL,NULL,23,2166.64,1296.38,'2014-10-27 16:20:48','2014-11-04 11:52:27',2,2),(1002,'DMFrBrEEBNne',34,NULL,NULL,24,2005.52,450.50,'2014-10-27 16:20:48','2014-11-04 11:52:27',2,2),(1003,'uOMXNUytNjTd',34,NULL,NULL,68,4856.00,0.00,'2014-10-27 19:48:19','2014-11-04 11:54:56',2,2),(1004,'oxXTYqQRdjhI',34,NULL,NULL,21,12809.89,13687.19,'2014-10-27 16:20:48','2014-11-04 11:52:27',2,2),(1005,'CYjHwVhCNtro',34,NULL,NULL,17,8588.00,8588.00,'2014-10-27 16:20:48','2014-11-04 11:52:27',2,2),(1006,'JbCwOMfrUluT',34,NULL,NULL,19,3200.00,1888.00,'2014-10-27 16:20:48','2014-11-04 11:52:27',2,2),(1007,'ZRRhkSqCclqo',34,NULL,NULL,69,3345.50,0.00,'2014-10-27 19:48:19','2014-11-04 11:54:56',2,2),(1008,'YzrWlILBEBBT',34,NULL,NULL,NULL,3729.23,0.00,'0000-00-00 00:00:00','0000-00-00 00:00:00',0,0),(1009,'MKxwujBxNgOj',34,NULL,NULL,NULL,3465.25,0.00,'0000-00-00 00:00:00','0000-00-00 00:00:00',0,0),(1010,'LpCRmXBXynbR',34,NULL,NULL,57,1330.00,0.00,'2014-10-27 19:48:19','2014-11-04 11:54:56',2,2),(1011,'ucdAQGCRZnVF',34,NULL,NULL,58,0.00,0.00,'2014-10-27 22:43:06','2014-11-05 08:22:39',2,2),(1012,'wtGOkeOPtHqG',34,NULL,NULL,NULL,1680.00,0.00,'0000-00-00 00:00:00','0000-00-00 00:00:00',0,0),(1013,'TvXhnZSvMwvi',34,NULL,NULL,32,19641.00,0.00,'2014-10-27 19:48:05','2014-11-04 11:12:13',2,2),(1016,'biSLFwilcbHt',34,NULL,NULL,34,0.00,0.00,'2014-10-27 19:48:05','2014-11-04 11:12:13',2,2),(1017,'IPFghmcjOnKH',34,NULL,NULL,92,0.00,0.00,'2014-10-27 19:48:21','2014-10-31 11:12:56',2,2),(1018,'NIvKokIwNJjV',34,NULL,NULL,93,0.00,0.00,'2014-10-27 19:48:21','2014-10-31 11:12:56',2,2),(1019,'WfJcXUiQQdDh',34,NULL,NULL,NULL,800.00,0.00,'0000-00-00 00:00:00','0000-00-00 00:00:00',0,0),(1020,'kuGteOgPSPjv',34,NULL,NULL,NULL,245.00,0.00,'0000-00-00 00:00:00','0000-00-00 00:00:00',0,0),(1021,'ulIcELiXhbib',34,NULL,NULL,NULL,565.00,0.00,'0000-00-00 00:00:00','0000-00-00 00:00:00',0,0),(1022,'oknQUmuwltuV',34,NULL,NULL,NULL,230.00,0.00,'0000-00-00 00:00:00','0000-00-00 00:00:00',0,0),(1023,'cwzRAwRTrjjY',34,NULL,NULL,84,0.00,0.00,'2014-10-27 19:48:21','2014-10-31 11:12:56',2,2),(1024,'HeRdJmfoPKIz',34,NULL,NULL,35,480.00,480.00,'2014-10-27 19:48:05','2014-11-04 11:12:13',2,2),(1025,'kiUttAgBtzXQ',35,NULL,NULL,1,0.00,0.00,'0000-00-00 00:00:00','0000-00-00 00:00:00',0,0),(1026,'lhEVGZSktnzm',35,NULL,NULL,2,2500.00,0.00,'0000-00-00 00:00:00','0000-00-00 00:00:00',0,0),(1027,'HZDVCJuKtLQz',35,NULL,NULL,3,100.00,0.00,'0000-00-00 00:00:00','0000-00-00 00:00:00',0,0),(1028,'VyADgKHcSEus',35,NULL,NULL,4,0.00,0.00,'0000-00-00 00:00:00','0000-00-00 00:00:00',0,0),(1029,'ptoVvjJIYLHE',35,NULL,NULL,5,0.00,0.00,'0000-00-00 00:00:00','0000-00-00 00:00:00',0,0),(1030,'WlHFPwYnKZuz',35,NULL,NULL,6,0.00,0.00,'0000-00-00 00:00:00','0000-00-00 00:00:00',0,0),(1031,'teXgptbuZEyB',35,NULL,NULL,7,0.00,0.00,'0000-00-00 00:00:00','0000-00-00 00:00:00',0,0),(1032,'tvDiOeSjhXsw',35,NULL,NULL,8,0.00,0.00,'0000-00-00 00:00:00','0000-00-00 00:00:00',0,0),(1033,'osBjfzePBgqi',35,NULL,NULL,9,250.00,0.00,'0000-00-00 00:00:00','0000-00-00 00:00:00',0,0),(1034,'xWvkInHXFwCZ',35,NULL,NULL,10,0.00,0.00,'0000-00-00 00:00:00','0000-00-00 00:00:00',0,0),(1035,'IYLYhBExZoPO',35,NULL,NULL,11,0.00,0.00,'0000-00-00 00:00:00','0000-00-00 00:00:00',0,0),(1036,'lcgEHbbsGfkY',35,NULL,NULL,89,0.00,0.00,'0000-00-00 00:00:00','0000-00-00 00:00:00',0,0),(1037,'JSoVrxCRgGZI',35,NULL,NULL,90,0.00,0.00,'0000-00-00 00:00:00','0000-00-00 00:00:00',0,0),(1038,'kTukSghAJpDN',35,NULL,NULL,12,1500.00,0.00,'0000-00-00 00:00:00','0000-00-00 00:00:00',0,0),(1039,'yhgxQecAyCPj',35,NULL,NULL,13,300.00,0.00,'0000-00-00 00:00:00','0000-00-00 00:00:00',0,0),(1040,'blElekqFUfzU',35,NULL,NULL,14,0.00,0.00,'0000-00-00 00:00:00','0000-00-00 00:00:00',0,0),(1041,'BVrtgUIvpSEd',35,NULL,NULL,15,0.00,0.00,'0000-00-00 00:00:00','0000-00-00 00:00:00',0,0),(1042,'vkiQUjePONeH',35,NULL,NULL,16,1235.00,0.00,'0000-00-00 00:00:00','0000-00-00 00:00:00',0,0),(1043,'yrYWGlEbGxfo',35,NULL,NULL,NULL,213.75,0.00,'0000-00-00 00:00:00','0000-00-00 00:00:00',0,0),(1044,'fquiwQbEyiYc',35,NULL,NULL,NULL,522.50,0.00,'0000-00-00 00:00:00','0000-00-00 00:00:00',0,0),(1045,'bigXejjNjwTi',35,NULL,NULL,NULL,500.00,0.00,'0000-00-00 00:00:00','0000-00-00 00:00:00',0,0),(1046,'kLxigAMiIpvc',35,NULL,NULL,NULL,0.00,0.00,'0000-00-00 00:00:00','0000-00-00 00:00:00',0,0),(1047,'jvrQwwpidtoU',35,NULL,NULL,17,663.00,0.00,'0000-00-00 00:00:00','0000-00-00 00:00:00',0,0),(1048,'cUOCnfwUMdBv',35,NULL,NULL,NULL,312.76,0.00,'0000-00-00 00:00:00','0000-00-00 00:00:00',0,0),(1049,'xAMckNDuNGPP',35,NULL,NULL,NULL,351.85,0.00,'0000-00-00 00:00:00','0000-00-00 00:00:00',0,0),(1050,'swhKfkvCLgzS',35,NULL,NULL,18,4095.00,0.00,'0000-00-00 00:00:00','0000-00-00 00:00:00',0,0),(1051,'ddykinNFDEiw',35,NULL,NULL,NULL,1680.00,0.00,'0000-00-00 00:00:00','0000-00-00 00:00:00',0,0),(1052,'tzPpnJEtVcQe',35,NULL,NULL,NULL,1680.00,0.00,'0000-00-00 00:00:00','0000-00-00 00:00:00',0,0),(1053,'JhPCQibgJekP',35,NULL,NULL,NULL,735.00,0.00,'0000-00-00 00:00:00','0000-00-00 00:00:00',0,0),(1054,'iYqQLhkwcpnp',35,NULL,NULL,19,4814.00,0.00,'0000-00-00 00:00:00','0000-00-00 00:00:00',0,0),(1055,'GxuOlzHxWBnh',35,NULL,NULL,NULL,1975.31,0.00,'0000-00-00 00:00:00','0000-00-00 00:00:00',0,0),(1056,'SfPowMzSIcUb',35,NULL,NULL,NULL,1975.31,0.00,'0000-00-00 00:00:00','0000-00-00 00:00:00',0,0),(1057,'OIrjqjujumgT',35,NULL,NULL,NULL,864.20,0.00,'0000-00-00 00:00:00','0000-00-00 00:00:00',0,0),(1058,'pJlCOXvSnQiR',35,NULL,NULL,20,5910.00,0.00,'0000-00-00 00:00:00','0000-00-00 00:00:00',0,0),(1059,'DfDtiFKWgWLx',35,NULL,NULL,NULL,3310.00,0.00,'0000-00-00 00:00:00','0000-00-00 00:00:00',0,0),(1060,'nNcIAAtwVFAd',35,NULL,NULL,NULL,1800.00,0.00,'0000-00-00 00:00:00','0000-00-00 00:00:00',0,0),(1061,'jUKCueLXDFMB',35,NULL,NULL,NULL,800.00,0.00,'0000-00-00 00:00:00','0000-00-00 00:00:00',0,0),(1062,'SohOKePHGCVF',35,NULL,NULL,21,0.00,0.00,'0000-00-00 00:00:00','0000-00-00 00:00:00',0,0),(1063,'jksNFewgcjVC',35,NULL,NULL,22,1800.00,0.00,'0000-00-00 00:00:00','0000-00-00 00:00:00',0,0),(1064,'kzQPJjpALGSf',35,NULL,NULL,23,1500.00,0.00,'0000-00-00 00:00:00','0000-00-00 00:00:00',0,0),(1065,'hlxqzgDklwKU',35,NULL,NULL,24,0.00,0.00,'0000-00-00 00:00:00','0000-00-00 00:00:00',0,0),(1066,'NEIVdockXZlk',35,NULL,NULL,25,0.00,0.00,'0000-00-00 00:00:00','0000-00-00 00:00:00',0,0),(1067,'UktNlwdZAyBU',35,NULL,NULL,26,1200.00,0.00,'0000-00-00 00:00:00','0000-00-00 00:00:00',0,0),(1068,'dKAwQDSMcHCv',35,NULL,NULL,27,14000.00,0.00,'0000-00-00 00:00:00','0000-00-00 00:00:00',0,0),(1069,'erKvvHIQloRk',35,NULL,NULL,30,20000.00,0.00,'0000-00-00 00:00:00','0000-00-00 00:00:00',0,0),(1070,'iFlrxDoZQxZL',35,NULL,NULL,32,30000.00,0.00,'0000-00-00 00:00:00','0000-00-00 00:00:00',0,0),(1071,'kHgIuCWTdUBd',35,NULL,NULL,68,10000.00,0.00,'0000-00-00 00:00:00','0000-00-00 00:00:00',0,0),(1072,'tEDvWCIpEqNc',35,NULL,NULL,50,8000.00,0.00,'0000-00-00 00:00:00','0000-00-00 00:00:00',0,0),(1073,'vNSWFKsOjenF',35,NULL,NULL,49,6105.00,0.00,'0000-00-00 00:00:00','0000-00-00 00:00:00',0,0),(1074,'AbtiPOgKMRIw',35,NULL,NULL,51,2500.00,0.00,'0000-00-00 00:00:00','0000-00-00 00:00:00',0,0),(1075,'PFYKFqcNFMfL',35,NULL,NULL,52,3800.00,0.00,'0000-00-00 00:00:00','0000-00-00 00:00:00',0,0),(1076,'vSmErWmGNkEB',35,NULL,NULL,53,5920.00,0.00,'0000-00-00 00:00:00','0000-00-00 00:00:00',0,0),(1077,'wQyWMkefQpbL',35,NULL,NULL,85,0.00,0.00,'0000-00-00 00:00:00','0000-00-00 00:00:00',0,0),(1078,'XZFDosehFvtr',35,NULL,NULL,86,13079.20,0.00,'0000-00-00 00:00:00','0000-00-00 00:00:00',0,0),(1079,'QHRumNupYoMR',35,NULL,NULL,61,2000.00,0.00,'0000-00-00 00:00:00','0000-00-00 00:00:00',0,0),(1080,'PZywmLTuRbJd',35,NULL,NULL,62,3000.00,0.00,'0000-00-00 00:00:00','0000-00-00 00:00:00',0,0),(1574,'UKCPNZBuxI',40,NULL,NULL,1,100.00,NULL,'2014-10-27 16:17:10','2014-10-27 16:17:46',0,0),(1575,'flq3XlsBxz',40,NULL,NULL,2,100.00,NULL,'2014-10-27 16:17:10','2014-10-27 16:17:46',0,0),(1576,'LQygiBLdsD',40,NULL,NULL,3,100.00,NULL,'2014-10-27 16:17:10','2014-10-27 16:17:46',0,0),(1577,'vmo8bc8NGF',40,NULL,NULL,4,1800.00,NULL,'2014-10-27 16:17:10','2014-10-27 16:17:46',0,0),(1578,'vV0WZYiszQ',40,NULL,NULL,5,100.00,NULL,'2014-10-27 16:17:10','2014-10-27 16:17:46',0,0),(1579,'2kGAAYblcE',40,NULL,NULL,6,100.00,NULL,'2014-10-27 16:17:10','2014-10-27 16:17:46',0,0),(1580,'ZI1oQdAY0h',40,NULL,NULL,9,100.00,NULL,'2014-10-27 16:17:10','2014-10-27 16:17:46',0,0),(1581,'EwdFtdDLFd',40,NULL,NULL,10,100.00,NULL,'2014-10-27 16:17:10','2014-10-27 16:17:46',0,0),(1582,'BHxii8htut',40,NULL,NULL,89,100.00,NULL,'2014-10-27 16:17:10','2014-10-27 16:17:46',0,0),(1583,'8ub9S2mt1n',40,NULL,NULL,90,100.00,NULL,'2014-10-27 16:17:10','2014-10-27 16:17:46',0,0),(1584,'LGUYlnbZ9R',40,NULL,NULL,7,100.00,NULL,'2014-10-27 16:17:10','2014-10-27 16:17:46',0,0),(1585,'cLzK4RTlln',40,NULL,NULL,8,100.00,NULL,'2014-10-27 16:17:10','2014-10-27 16:17:46',0,0),(1586,'PtS1CK3Ze4',40,NULL,NULL,11,100.00,NULL,'2014-10-27 16:17:10','2014-10-27 16:17:46',0,0),(1587,'DXMfZvFH22',40,NULL,NULL,12,3200.00,NULL,'2014-10-27 16:17:59','2014-10-27 19:54:01',2,2),(1593,'1W8mt0GwxH',40,NULL,NULL,18,800.00,NULL,'2014-10-27 16:17:59','2014-10-27 19:54:01',2,2),(1596,'kMVt9ptPV1',40,NULL,NULL,21,12000.00,NULL,'2014-10-27 16:17:59','2014-10-27 19:54:01',2,2),(1602,'V8hKYRQCF7',40,NULL,NULL,15,400.00,NULL,'2014-10-27 16:19:46','2014-10-27 19:54:01',2,2),(1603,'ITcOxOkFEP',40,NULL,NULL,80,2000.00,NULL,'2014-10-27 16:20:26','2014-10-27 16:20:26',0,0),(1604,'JdMbqgP3PE',34,NULL,NULL,13,0.00,NULL,'2014-10-27 16:20:48','2014-11-04 11:52:27',2,2),(1605,'L381cov1y4',40,NULL,NULL,27,0.00,NULL,'2014-10-27 16:23:18','2014-10-27 16:42:37',2,2),(1606,'yqKtYGKAZL',40,NULL,NULL,28,0.00,NULL,'2014-10-27 16:23:18','2014-10-27 16:42:37',2,2),(1607,'SrudlK1ibT',40,NULL,NULL,29,0.00,NULL,'2014-10-27 16:23:18','2014-10-27 16:42:37',2,2),(1608,'DXWMZ9buaJ',40,NULL,NULL,30,0.00,NULL,'2014-10-27 16:23:18','2014-10-27 16:42:37',2,2),(1609,'zJakc91XJ1',40,NULL,NULL,31,0.00,NULL,'2014-10-27 16:23:18','2014-10-27 16:42:37',2,2),(1610,'JCsePOYR6a',40,NULL,NULL,32,0.00,NULL,'2014-10-27 16:23:18','2014-10-27 16:42:37',2,2),(1611,'KK7Gw6QHB1',40,NULL,NULL,33,0.00,NULL,'2014-10-27 16:23:18','2014-10-27 16:42:37',2,2),(1612,'qbKBvXLxUv',40,NULL,NULL,34,0.00,NULL,'2014-10-27 16:23:18','2014-10-27 16:42:37',2,2),(1613,'yE70SWORNV',40,NULL,NULL,35,0.00,NULL,'2014-10-27 16:23:18','2014-10-27 16:42:37',2,2),(1614,'1xF8ebf5SR',40,NULL,NULL,36,0.00,NULL,'2014-10-27 16:23:18','2014-10-27 16:42:37',2,2),(1615,'6j2QVyNG5I',40,NULL,NULL,37,0.00,NULL,'2014-10-27 16:23:18','2014-10-27 16:42:37',2,2),(1616,'bDnjEffs63',40,NULL,NULL,38,0.00,NULL,'2014-10-27 16:23:18','2014-10-27 16:42:37',2,2),(1617,'o7B3gQfvV8',40,NULL,NULL,39,0.00,NULL,'2014-10-27 16:23:18','2014-10-27 16:42:37',2,2),(1618,'n2spTnXG43',40,NULL,NULL,40,0.00,NULL,'2014-10-27 16:23:18','2014-10-27 16:42:37',2,2),(1619,'pgGNzk2PN8',40,NULL,NULL,41,0.00,NULL,'2014-10-27 16:23:18','2014-10-27 16:42:37',2,2),(1620,'Tcgvfwmv2i',40,NULL,NULL,42,0.00,NULL,'2014-10-27 16:23:18','2014-10-27 16:42:37',2,2),(1621,'Dpk6PdtNUy',40,NULL,NULL,43,0.00,NULL,'2014-10-27 16:23:18','2014-10-27 16:42:37',2,2),(1622,'QkPw7pR9eF',40,NULL,NULL,44,0.00,NULL,'2014-10-27 16:23:18','2014-10-27 16:42:37',2,2),(1623,'i8RzD75ZD8',40,NULL,NULL,45,0.00,NULL,'2014-10-27 16:23:18','2014-10-27 16:42:37',2,2),(1624,'hgyCmnPQbK',40,NULL,NULL,46,0.00,NULL,'2014-10-27 16:23:18','2014-10-27 16:42:37',2,2),(1625,'p14fybEplT',40,NULL,NULL,47,0.00,NULL,'2014-10-27 16:23:18','2014-10-27 16:42:37',2,2),(1626,'5E1XdF5jFI',40,NULL,NULL,48,0.00,NULL,'2014-10-27 16:23:18','2014-10-27 16:42:37',2,2),(1627,'3OeMcCE0vm',40,NULL,NULL,13,0.00,NULL,'2014-10-27 16:23:28','2014-10-27 19:54:01',2,2),(1628,'KpA1rcpVuK',40,NULL,NULL,14,0.00,NULL,'2014-10-27 16:23:28','2014-10-27 19:54:01',2,2),(1629,'A1FJ0DzJLT',40,NULL,NULL,16,0.00,NULL,'2014-10-27 16:23:28','2014-10-27 19:54:01',2,2),(1630,'2PIhBVTgVo',40,NULL,NULL,17,0.00,NULL,'2014-10-27 16:23:28','2014-10-27 19:54:01',2,2),(1631,'CFOdHfq6bU',40,NULL,NULL,19,0.00,NULL,'2014-10-27 16:23:28','2014-10-27 19:54:01',2,2),(1632,'RLWwuW94GU',40,NULL,NULL,20,0.00,NULL,'2014-10-27 16:23:28','2014-10-27 19:54:01',2,2),(1633,'XIKG0lBTCw',40,NULL,NULL,22,0.00,NULL,'2014-10-27 16:23:28','2014-10-27 19:54:01',2,2),(1634,'iec7sUmS1x',40,NULL,NULL,23,0.00,NULL,'2014-10-27 16:23:28','2014-10-27 19:54:01',2,2),(1635,'NSjKoOGySm',40,NULL,NULL,24,0.00,NULL,'2014-10-27 16:23:28','2014-10-27 19:54:01',2,2),(1636,'tQ5dw5z8Zb',40,NULL,NULL,25,0.00,NULL,'2014-10-27 16:23:28','2014-10-27 19:54:01',2,2),(1637,'FiqRpSMLLN',40,NULL,NULL,26,0.00,NULL,'2014-10-27 16:23:28','2014-10-27 19:54:01',2,2),(1638,'LHIcgrRrEj',34,NULL,NULL,28,0.00,NULL,'2014-10-27 19:48:05','2014-11-04 11:12:13',2,2),(1639,'32bFuSIbrp',34,NULL,NULL,29,0.00,NULL,'2014-10-27 19:48:05','2014-11-04 11:12:13',2,2),(1640,'IKI2U1SXwP',34,NULL,NULL,33,0.00,NULL,'2014-10-27 19:48:05','2014-11-04 11:12:13',2,2),(1641,'fhxXtOplg3',34,NULL,NULL,36,0.00,NULL,'2014-10-27 19:48:05','2014-11-04 11:12:13',2,2),(1642,'Fj6RZBJHMb',34,NULL,NULL,37,0.00,NULL,'2014-10-27 19:48:05','2014-11-04 11:12:13',2,2),(1643,'6vVPxQQqNm',34,NULL,NULL,38,0.00,NULL,'2014-10-27 19:48:05','2014-11-04 11:12:13',2,2),(1644,'f2DN07BptR',34,NULL,NULL,39,0.00,NULL,'2014-10-27 19:48:05','2014-11-04 11:12:13',2,2),(1645,'t8bzZaaJSX',34,NULL,NULL,40,0.00,NULL,'2014-10-27 19:48:05','2014-11-04 11:12:13',2,2),(1646,'VZtQO0GEqu',34,NULL,NULL,41,0.00,NULL,'2014-10-27 19:48:05','2014-11-04 11:12:13',2,2),(1647,'1GwFuxM5Wg',34,NULL,NULL,42,0.00,NULL,'2014-10-27 19:48:05','2014-11-04 11:12:13',2,2),(1648,'Xpp8Zoja8b',34,NULL,NULL,43,0.00,NULL,'2014-10-27 19:48:05','2014-11-04 11:12:13',2,2),(1649,'XtkBC6whYB',34,NULL,NULL,56,0.00,NULL,'2014-10-27 19:48:19','2014-11-04 11:54:56',2,2),(1650,'MwecVXLngl',34,NULL,NULL,99,0.00,NULL,'2014-10-27 19:48:19','2014-11-04 11:54:56',2,2),(1651,'6t8iTp8WeN',34,NULL,NULL,100,3269.11,0.00,'2014-10-27 19:48:19','2014-11-04 11:54:56',2,2),(1652,'tcgNNSUkaS',34,NULL,NULL,101,520.00,0.00,'2014-10-27 19:48:19','2014-11-04 11:54:56',2,2),(1653,'VXpaal8WIo',34,NULL,NULL,102,150.80,0.00,'2014-10-27 19:48:19','2014-11-04 11:54:56',2,2),(1654,'OjWPQROjV4',34,NULL,NULL,60,0.00,NULL,'2014-10-27 22:43:06','2014-11-05 08:22:39',2,2),(1655,'ERq2Myjwxa',34,NULL,NULL,94,0.00,NULL,'2014-10-27 22:43:06','2014-11-05 08:22:39',2,2),(1656,'m9PuUj8pnh',34,NULL,NULL,95,0.00,NULL,'2014-10-27 22:43:06','2014-11-05 08:22:39',2,2),(1657,'jcBf1r7QL2',34,NULL,NULL,96,0.00,NULL,'2014-10-27 22:43:06','2014-11-05 08:22:39',2,2),(1658,'UqTltGUMcr',34,NULL,NULL,97,0.00,NULL,'2014-10-27 22:43:06','2014-11-05 08:22:39',2,2),(1659,'E35FKCke97',34,NULL,NULL,103,1065.00,0.00,'2014-10-27 23:48:25','2014-11-04 11:50:34',2,2),(1660,'xYkA7Xe1dd',44,NULL,NULL,1,1000.00,NULL,'2014-10-30 13:48:03','2015-03-10 21:46:58',2,2),(1661,'Z0KkLSWpCz',44,NULL,NULL,2,2500.00,NULL,'2014-10-30 13:48:03','2015-03-10 21:46:58',2,2),(1662,'2UIHeENQHT',44,NULL,NULL,3,150.00,NULL,'2014-10-30 13:48:03','2015-03-10 21:46:58',2,2),(1663,'feRzPYx30K',44,NULL,NULL,4,2500.00,NULL,'2014-10-30 13:48:03','2015-03-10 21:46:58',2,2),(1664,'hZL2kwUgVx',44,NULL,NULL,5,5000.00,NULL,'2014-10-30 13:48:03','2015-03-10 21:46:58',2,2),(1665,'QXsyFGdtwU',44,NULL,NULL,6,5000.00,NULL,'2014-10-30 13:48:03','2015-03-10 21:46:58',2,2),(1666,'nM9fmYeT2e',44,NULL,NULL,9,200.00,NULL,'2014-10-30 13:48:03','2015-03-10 21:46:58',2,2),(1667,'DjdolxUgOQ',44,NULL,NULL,10,600.00,NULL,'2014-10-30 13:48:03','2015-03-10 21:46:58',2,2),(1668,'OEOgdtXqXt',44,NULL,NULL,103,1500.00,NULL,'2014-10-30 13:48:03','2015-03-10 21:46:58',2,2),(1669,'lkguzCtNwv',44,NULL,NULL,89,0.00,NULL,'2014-10-30 13:48:03','2015-03-10 21:46:58',2,2),(1670,'29PfybNtsB',44,NULL,NULL,90,0.00,NULL,'2014-10-30 13:48:03','2015-03-10 21:46:58',2,2),(1671,'jgg7wuBtVy',44,NULL,NULL,7,500.00,NULL,'2014-10-30 13:48:03','2015-03-10 21:46:58',2,2),(1672,'XgTdLtQehn',44,NULL,NULL,8,0.00,NULL,'2014-10-30 13:48:03','2015-03-10 21:46:58',2,2),(1673,'Kjxzy5Kmyd',44,NULL,NULL,11,270.00,NULL,'2014-10-30 13:48:03','2015-03-10 21:46:58',2,2),(1674,'DElFsXTabM',44,NULL,NULL,12,3500.00,NULL,'2014-10-30 13:49:32','2015-03-10 21:49:02',2,2),(1675,'61NdkLAU0u',44,NULL,NULL,13,0.00,NULL,'2014-10-30 13:49:32','2015-03-10 21:49:02',2,2),(1676,'WawseTtqHC',44,NULL,NULL,14,3000.00,NULL,'2014-10-30 13:49:32','2015-03-10 21:49:02',2,2),(1677,'jlgF1JCVTO',44,NULL,NULL,15,0.00,NULL,'2014-10-30 13:49:32','2015-03-10 21:49:02',2,2),(1678,'HZQvcbgM5h',44,NULL,NULL,16,0.00,NULL,'2014-10-30 13:49:32','2015-03-10 21:49:02',2,2),(1679,'h2sNuGHX6p',44,NULL,NULL,17,0.00,NULL,'2014-10-30 13:49:32','2015-03-10 21:49:03',2,2),(1680,'zqKQ6MzIHt',44,NULL,NULL,18,12127.00,NULL,'2014-10-30 13:49:32','2015-03-10 21:49:03',2,2),(1681,'xosnUFzarE',44,NULL,NULL,19,14259.00,NULL,'2014-10-30 13:49:32','2015-03-10 21:49:03',2,2),(1682,'rIGUwbAd9H',44,NULL,NULL,20,20000.00,NULL,'2014-10-30 13:49:32','2015-03-10 21:49:03',2,2),(1683,'CJ7nzd99WR',44,NULL,NULL,21,0.00,NULL,'2014-10-30 13:49:32','2015-03-10 21:49:03',2,2),(1684,'Dug5RaKrkc',44,NULL,NULL,22,35000.00,NULL,'2014-10-30 13:49:32','2015-03-10 21:49:03',2,2),(1685,'5MVMGrXhF7',44,NULL,NULL,23,2000.00,NULL,'2014-10-30 13:49:32','2015-03-10 21:49:03',2,2),(1686,'YiQ6FqkPAg',44,NULL,NULL,24,1200.00,NULL,'2014-10-30 13:49:32','2015-03-10 21:49:03',2,2),(1687,'GdKXiC733s',44,NULL,NULL,25,4000.00,NULL,'2014-10-30 13:49:32','2015-03-10 21:49:03',2,2),(1688,'g9ebVVDTdi',44,NULL,NULL,26,5000.00,NULL,'2014-10-30 13:49:32','2015-03-10 21:49:03',2,2),(1689,'5FPE61SZNG',44,NULL,NULL,27,30000.00,NULL,'2014-10-30 13:49:58','2015-03-10 21:49:57',2,2),(1690,'Swsq8PhMCc',44,NULL,NULL,28,0.00,NULL,'2014-10-30 13:49:58','2015-03-10 21:49:57',2,2),(1691,'tMEZLUKSIC',44,NULL,NULL,29,0.00,NULL,'2014-10-30 13:49:58','2015-03-10 21:49:57',2,2),(1692,'ZOiPsoQknE',44,NULL,NULL,30,50000.00,NULL,'2014-10-30 13:49:58','2015-03-10 21:49:57',2,2),(1693,'1gatGjjY6V',44,NULL,NULL,31,0.00,NULL,'2014-10-30 13:49:58','2015-03-10 21:49:57',2,2),(1694,'bzIPyuKjms',44,NULL,NULL,32,50000.00,NULL,'2014-10-30 13:49:58','2015-03-10 21:49:57',2,2),(1695,'VmgdbJC230',44,NULL,NULL,33,0.00,NULL,'2014-10-30 13:49:58','2015-03-10 21:49:57',2,2),(1696,'G5hRzYaTXg',44,NULL,NULL,34,0.00,NULL,'2014-10-30 13:49:58','2015-03-10 21:49:57',2,2),(1697,'P8QxYp2IIp',44,NULL,NULL,35,0.00,NULL,'2014-10-30 13:49:58','2015-03-10 21:49:57',2,2),(1698,'bELsSXbvZf',44,NULL,NULL,36,0.00,NULL,'2014-10-30 13:49:58','2015-03-10 21:49:57',2,2),(1699,'wGkNyUMINK',44,NULL,NULL,37,0.00,NULL,'2014-10-30 13:49:58','2015-03-10 21:49:57',2,2),(1700,'ZCSQaQfczY',44,NULL,NULL,38,0.00,NULL,'2014-10-30 13:49:58','2015-03-10 21:49:57',2,2),(1701,'CLDodvlo0l',44,NULL,NULL,39,0.00,NULL,'2014-10-30 13:49:58','2015-03-10 21:49:57',2,2),(1702,'Dx2YlAS7jG',44,NULL,NULL,40,0.00,NULL,'2014-10-30 13:49:58','2015-03-10 21:49:57',2,2),(1703,'SiiK9tBpGb',44,NULL,NULL,41,0.00,NULL,'2014-10-30 13:49:58','2015-03-10 21:49:57',2,2),(1704,'niW0Gaw2yx',44,NULL,NULL,42,0.00,NULL,'2014-10-30 13:49:58','2015-03-10 21:49:57',2,2),(1705,'nc4qap03xj',44,NULL,NULL,43,0.00,NULL,'2014-10-30 13:49:58','2015-03-10 21:49:57',2,2),(1706,'JpC2aLwMac',44,NULL,NULL,44,0.00,NULL,'2014-10-30 13:49:58','2015-03-10 21:49:57',2,2),(1707,'XyuUzb45dD',44,NULL,NULL,45,0.00,NULL,'2014-10-30 13:49:58','2015-03-10 21:49:57',2,2),(1708,'DBQH11714F',44,NULL,NULL,46,0.00,NULL,'2014-10-30 13:49:58','2015-03-10 21:49:57',2,2),(1709,'lO4YRfJn1U',44,NULL,NULL,47,0.00,NULL,'2014-10-30 13:49:58','2015-03-10 21:49:57',2,2),(1710,'zZt4U2gZ8t',44,NULL,NULL,48,0.00,NULL,'2014-10-30 13:49:58','2015-03-10 21:49:57',2,2),(1711,'TWZaZhJeB2',44,NULL,NULL,49,0.00,NULL,'2014-10-30 13:50:30','2015-03-10 21:51:14',2,2),(1712,'Te5aOzjJ9b',44,NULL,NULL,50,0.00,NULL,'2014-10-30 13:50:30','2015-03-10 21:51:14',2,2),(1713,'AZn234U1Vc',44,NULL,NULL,51,0.00,NULL,'2014-10-30 13:50:30','2015-03-10 21:51:14',2,2),(1714,'iP8i08zJmb',44,NULL,NULL,52,0.00,NULL,'2014-10-30 13:50:30','2015-03-10 21:51:14',2,2),(1715,'MfpRqerJXB',44,NULL,NULL,53,0.00,NULL,'2014-10-30 13:50:30','2015-03-10 21:51:14',2,2),(1716,'UxAiAEmuFi',44,NULL,NULL,54,6000.00,NULL,'2014-10-30 13:50:30','2015-03-10 21:51:14',2,2),(1717,'HY8Qh9YRSk',44,NULL,NULL,55,0.00,NULL,'2014-10-30 13:50:30','2015-03-10 21:51:14',2,2),(1718,'2EzsvZGXIE',44,NULL,NULL,56,0.00,NULL,'2014-10-30 13:50:30','2015-03-10 21:51:14',2,2),(1719,'yDc9WMNjht',44,NULL,NULL,57,0.00,NULL,'2014-10-30 13:50:30','2015-03-10 21:51:14',2,2),(1720,'CZsLPJUNBM',44,NULL,NULL,68,12000.00,NULL,'2014-10-30 13:50:30','2015-03-10 21:51:14',2,2),(1721,'8DrH6XHNUq',44,NULL,NULL,69,0.00,NULL,'2014-10-30 13:50:30','2015-03-10 21:51:14',2,2),(1722,'rs3DBZqoiI',44,NULL,NULL,99,0.00,NULL,'2014-10-30 13:50:30','2015-03-10 21:51:14',2,2),(1723,'SVHkGw3AkE',44,NULL,NULL,100,0.00,NULL,'2014-10-30 13:50:30','2015-03-10 21:51:14',2,2),(1724,'msiNaoKRcE',44,NULL,NULL,101,0.00,NULL,'2014-10-30 13:50:30','2015-03-10 21:51:14',2,2),(1725,'iE7liIlI7E',44,NULL,NULL,102,0.00,NULL,'2014-10-30 13:50:30','2015-03-10 21:51:14',2,2),(1726,'qZz8kfFnPZ',44,NULL,NULL,70,0.00,NULL,'2014-10-30 13:50:30','2015-03-10 21:51:14',2,2),(1727,'2csl0CJKuW',44,NULL,NULL,71,0.00,NULL,'2014-10-30 13:50:30','2015-03-10 21:51:14',2,2),(1728,'pMAx8SguBn',44,NULL,NULL,72,0.00,NULL,'2014-10-30 13:50:30','2015-03-10 21:51:14',2,2),(1729,'92nIaHYP5O',44,NULL,NULL,88,0.00,NULL,'2014-10-30 13:50:30','2015-03-10 21:51:14',2,2),(1730,'P80it0VdLq',44,NULL,NULL,73,0.00,NULL,'2014-10-30 13:50:30','2015-03-10 21:51:14',2,2),(1731,'PTkxTJ75pO',44,NULL,NULL,58,0.00,NULL,'2014-10-30 13:51:08','2015-03-10 21:52:00',2,2),(1732,'L9fApaQAct',44,NULL,NULL,60,0.00,NULL,'2014-10-30 13:51:08','2015-03-10 21:52:00',2,2),(1733,'xCWoMDDt3X',44,NULL,NULL,61,8000.00,NULL,'2014-10-30 13:51:08','2015-03-10 21:52:00',2,2),(1734,'WSRgqK0xQp',44,NULL,NULL,62,4000.00,NULL,'2014-10-30 13:51:08','2015-03-10 21:52:00',2,2),(1735,'mByCcXM2yY',44,NULL,NULL,63,0.00,NULL,'2014-10-30 13:51:08','2015-03-10 21:52:00',2,2),(1736,'v5Bstn57Q9',44,NULL,NULL,64,0.00,NULL,'2014-10-30 13:51:08','2015-03-10 21:52:00',2,2),(1737,'4M1V3sG3Zw',44,NULL,NULL,65,26000.00,NULL,'2014-10-30 13:51:08','2015-03-10 21:52:00',2,2),(1738,'sl71XjYJmw',44,NULL,NULL,66,0.00,NULL,'2014-10-30 13:51:08','2015-03-10 21:52:00',2,2),(1739,'ISCjk6Gqdw',44,NULL,NULL,67,0.00,NULL,'2014-10-30 13:51:08','2015-03-10 21:52:00',2,2),(1740,'AijBem3Uq3',44,NULL,NULL,94,0.00,NULL,'2014-10-30 13:51:08','2015-03-10 21:52:00',2,2),(1741,'qToyUmSS5f',44,NULL,NULL,95,0.00,NULL,'2014-10-30 13:51:08','2015-03-10 21:52:00',2,2),(1742,'pN717s8NTl',44,NULL,NULL,96,0.00,NULL,'2014-10-30 13:51:08','2015-03-10 21:52:00',2,2),(1743,'ktEE5S19Nr',44,NULL,NULL,97,0.00,NULL,'2014-10-30 13:51:08','2015-03-10 21:52:00',2,2),(1744,'celBMfXE83',44,NULL,NULL,80,0.00,NULL,'2014-10-30 13:51:10','2014-10-30 14:33:08',2,2),(1745,'TxR1zYuHMn',44,NULL,NULL,81,0.00,NULL,'2014-10-30 13:51:10','2014-10-30 14:33:09',2,2),(1746,'36RILWBM6o',44,NULL,NULL,82,0.00,NULL,'2014-10-30 13:51:10','2014-10-30 14:33:09',2,2),(1747,'diCyUpOS4W',44,NULL,NULL,83,0.00,NULL,'2014-10-30 13:51:10','2014-10-30 14:33:09',2,2),(1748,'VYuNZ4LuMy',44,NULL,NULL,84,0.00,NULL,'2014-10-30 13:51:10','2014-10-30 14:33:09',2,2),(1751,'KNCfBCjn65',44,NULL,NULL,87,0.00,NULL,'2014-10-30 13:51:10','2014-10-30 14:33:09',2,2),(1752,'VYVAIt0oCd',44,NULL,NULL,91,0.00,NULL,'2014-10-30 13:51:10','2014-10-30 14:33:09',2,2),(1753,'bbEgmDgWr8',44,NULL,NULL,92,0.00,NULL,'2014-10-30 13:51:10','2014-10-30 14:33:09',2,2),(1754,'AcWcrxPKUV',44,NULL,NULL,93,0.00,NULL,'2014-10-30 13:51:10','2014-10-30 14:33:09',2,2),(1777,'3tMGeGiBTi',44,NULL,NULL,86,30530.60,NULL,'2014-10-30 15:16:33','2015-03-10 21:52:00',2,2),(1778,'89CpPy8BdP',44,NULL,NULL,85,18318.36,NULL,'2014-10-30 15:19:45','2015-03-10 21:52:00',2,2),(1779,'K7aDtkk9fT',34,NULL,NULL,86,24110.01,4662.82,'2014-10-30 15:40:08','2014-11-05 08:22:39',2,2),(1780,'kweCczQxQw',34,NULL,NULL,85,12055.01,0.00,'2014-10-30 15:40:08','2014-11-05 08:22:39',2,2),(1781,'podBmvCPqZ',39,NULL,NULL,1,2105.00,NULL,'2014-10-30 15:45:11','2015-02-19 05:18:11',2,2),(1782,'ORDfrmhUAG',39,NULL,NULL,2,0.00,0.00,'2014-10-30 15:45:11','2015-02-19 05:18:11',2,2),(1783,'lyX2ffbpjx',39,NULL,NULL,3,250.00,0.00,'2014-10-30 15:45:11','2015-02-19 05:18:11',2,2),(1784,'6JWjkiOW7f',39,NULL,NULL,4,1609.75,0.00,'2014-10-30 15:45:11','2015-02-19 05:18:11',2,2),(1785,'VW7ybzVstw',39,NULL,NULL,5,0.00,NULL,'2014-10-30 15:45:11','2015-02-19 05:18:11',2,2),(1786,'9P47Sjm4JG',39,NULL,NULL,6,0.00,NULL,'2014-10-30 15:45:11','2015-02-19 05:18:11',2,2),(1787,'BPpy9JQYGY',39,NULL,NULL,9,250.00,0.00,'2014-10-30 15:45:11','2015-02-19 05:18:11',2,2),(1788,'eBUla6U5yo',39,NULL,NULL,10,200.00,NULL,'2014-10-30 15:45:11','2015-02-19 05:18:11',2,2),(1789,'CIeGP60caK',39,NULL,NULL,103,1500.00,0.00,'2014-10-30 15:45:11','2015-02-19 05:18:11',2,2),(1790,'SMzilJ2bHI',39,NULL,NULL,89,0.00,NULL,'2014-10-30 15:45:11','2015-02-19 05:18:11',2,2),(1791,'aVj5hubcAK',39,NULL,NULL,90,0.00,NULL,'2014-10-30 15:45:11','2015-02-19 05:18:11',2,2),(1792,'AcsOTiVUu5',39,NULL,NULL,7,0.00,0.00,'2014-10-30 15:45:11','2015-02-19 05:18:11',2,2),(1793,'EnSeGdXIpF',39,NULL,NULL,8,100.00,NULL,'2014-10-30 15:45:11','2015-02-19 05:18:11',2,2),(1794,'qABKFSfR4P',39,NULL,NULL,11,0.00,0.00,'2014-10-30 15:45:11','2015-02-19 05:18:11',2,2),(1795,'BF24tVnpQR',39,NULL,NULL,86,19626.95,0.00,'2014-10-30 15:45:11','2015-02-19 15:36:16',2,2),(1796,'vufnIWBGE1',39,NULL,NULL,85,9813.48,0.00,'2014-10-30 15:45:11','2015-02-19 15:36:16',2,2),(1797,'GVPRr4wn7T',39,NULL,NULL,12,10200.00,0.00,'2014-10-30 15:46:31','2015-02-19 15:35:15',2,2),(1798,'Gn7YWNPZx1',39,NULL,NULL,13,0.00,0.00,'2014-10-30 15:46:31','2015-02-19 15:35:15',2,2),(1799,'aa85EhgW0n',39,NULL,NULL,14,0.00,0.00,'2014-10-30 15:46:31','2015-02-19 15:35:15',2,2),(1800,'dGj2xL749f',39,NULL,NULL,15,0.00,NULL,'2014-10-30 15:46:31','2015-02-19 15:35:15',2,2),(1801,'XPC5OzSDyq',39,NULL,NULL,16,0.00,0.00,'2014-10-30 15:46:31','2015-02-19 15:35:15',2,2),(1802,'FJANOf45b5',39,NULL,NULL,17,0.00,0.00,'2014-10-30 15:46:31','2015-02-19 15:35:15',2,2),(1803,'tpLNrjyzoH',39,NULL,NULL,18,5776.50,0.00,'2014-10-30 15:46:31','2015-02-19 15:35:15',2,2),(1804,'OmxqrlZjZy',39,NULL,NULL,19,9810.00,0.00,'2014-10-30 15:46:31','2015-02-19 15:35:15',2,2),(1805,'JEhks6zxcL',39,NULL,NULL,20,5910.00,0.00,'2014-10-30 15:46:31','2015-02-19 15:35:15',2,2),(1806,'CFaosCI1b6',39,NULL,NULL,21,0.00,NULL,'2014-10-30 15:46:31','2015-02-19 15:35:15',2,2),(1807,'J0sgqTCqdC',39,NULL,NULL,22,7500.00,0.00,'2014-10-30 15:46:31','2015-02-19 15:35:15',2,2),(1808,'YXgghJnRgA',39,NULL,NULL,23,5500.00,0.00,'2014-10-30 15:46:31','2015-02-19 15:35:15',2,2),(1809,'DTgOhIq0KC',39,NULL,NULL,24,1323.00,NULL,'2014-10-30 15:46:31','2015-02-19 15:35:15',2,2),(1810,'6tCyK3sntF',39,NULL,NULL,25,0.00,NULL,'2014-10-30 15:46:31','2015-02-19 15:35:15',2,2),(1811,'ZsCgJUZ6Mg',39,NULL,NULL,26,2090.43,0.00,'2014-10-30 15:46:31','2015-02-19 15:35:15',2,2),(1812,'bLHNNnpOZx',39,NULL,NULL,27,7430.00,0.00,'2014-10-30 15:46:56','2015-02-19 15:36:15',2,2),(1813,'VKE6o8rIiH',39,NULL,NULL,28,0.00,NULL,'2014-10-30 15:46:56','2015-02-19 15:36:15',2,2),(1814,'BCdQfpp5Xf',39,NULL,NULL,29,0.00,NULL,'2014-10-30 15:46:56','2015-02-19 15:36:15',2,2),(1815,'B81jWOGmCF',39,NULL,NULL,30,23696.00,0.00,'2014-10-30 15:46:56','2015-02-19 15:36:15',2,2),(1816,'TyqyFOH6xZ',39,NULL,NULL,31,0.00,NULL,'2014-10-30 15:46:56','2015-02-19 15:36:15',2,2),(1817,'N9C1ZRrpWo',39,NULL,NULL,32,57076.00,0.00,'2014-10-30 15:46:56','2015-02-19 15:36:15',2,2),(1818,'FyxGRtuyP7',39,NULL,NULL,33,0.00,NULL,'2014-10-30 15:46:56','2015-02-19 15:36:15',2,2),(1819,'dJFEils0s0',39,NULL,NULL,34,0.00,NULL,'2014-10-30 15:46:56','2015-02-19 15:36:15',2,2),(1820,'Zg9Ch8tIxq',39,NULL,NULL,35,0.00,NULL,'2014-10-30 15:46:56','2015-02-19 15:36:15',2,2),(1821,'7dYETQ8noY',39,NULL,NULL,36,0.00,NULL,'2014-10-30 15:46:56','2015-02-19 15:36:16',2,2),(1822,'uCHag0vJ0Y',39,NULL,NULL,37,0.00,NULL,'2014-10-30 15:46:56','2015-02-19 15:36:16',2,2),(1823,'J0eSCv15ez',39,NULL,NULL,38,0.00,NULL,'2014-10-30 15:46:56','2015-02-19 15:36:16',2,2),(1824,'wlMuZFl72J',39,NULL,NULL,39,0.00,NULL,'2014-10-30 15:46:56','2015-02-19 15:36:16',2,2),(1825,'6xmNICOemP',39,NULL,NULL,40,0.00,NULL,'2014-10-30 15:46:56','2015-02-19 15:36:16',2,2),(1826,'c5PqYrWZxa',39,NULL,NULL,41,0.00,NULL,'2014-10-30 15:46:56','2015-02-19 15:36:16',2,2),(1827,'z3vlyv1TD4',39,NULL,NULL,42,0.00,NULL,'2014-10-30 15:46:56','2015-02-19 15:36:16',2,2),(1828,'DJBZxkClyY',39,NULL,NULL,43,0.00,NULL,'2014-10-30 15:46:56','2015-02-19 15:36:16',2,2),(1829,'bK40a2s620',39,NULL,NULL,44,0.00,NULL,'2014-10-30 15:46:56','2015-02-19 15:36:16',2,2),(1830,'hB3NXCjYwW',39,NULL,NULL,45,0.00,NULL,'2014-10-30 15:46:56','2015-02-19 15:36:16',2,2),(1831,'39GE9dYMzx',39,NULL,NULL,46,0.00,NULL,'2014-10-30 15:46:56','2015-02-19 15:36:16',2,2),(1832,'LKhPLsSdzU',39,NULL,NULL,47,0.00,NULL,'2014-10-30 15:46:56','2015-02-19 15:36:16',2,2),(1833,'dQwhEtTXsq',39,NULL,NULL,48,0.00,NULL,'2014-10-30 15:46:56','2015-02-19 15:36:16',2,2),(1834,'1Zo4InUzp5',39,NULL,NULL,49,2500.00,0.00,'2014-10-30 15:48:05','2015-02-19 05:19:58',2,2),(1835,'z9Un3MazsD',39,NULL,NULL,50,6620.61,0.00,'2014-10-30 15:48:05','2015-02-19 05:19:58',2,2),(1836,'dGZSbP8rlW',39,NULL,NULL,51,400.00,0.00,'2014-10-30 15:48:05','2015-02-19 05:19:58',2,2),(1837,'snVQsEdneD',39,NULL,NULL,52,0.00,0.00,'2014-10-30 15:48:05','2015-02-19 05:19:58',2,2),(1838,'sNMnbQ9mpB',39,NULL,NULL,53,2295.00,0.00,'2014-10-30 15:48:05','2015-02-19 05:19:58',2,2),(1839,'ZDhZvtODUa',39,NULL,NULL,54,3200.00,0.00,'2014-10-30 15:48:05','2015-02-19 05:19:58',2,2),(1840,'AnxwdZarmo',39,NULL,NULL,55,0.00,NULL,'2014-10-30 15:48:05','2015-02-19 05:19:58',2,2),(1841,'4PcRdnHmJ7',39,NULL,NULL,56,0.00,NULL,'2014-10-30 15:48:05','2015-02-19 05:19:58',2,2),(1842,'YIKgHgKwUF',39,NULL,NULL,57,0.00,NULL,'2014-10-30 15:48:05','2015-02-19 05:19:58',2,2),(1843,'Gu2d1gdbHA',39,NULL,NULL,68,3028.43,0.00,'2014-10-30 15:48:05','2015-02-19 05:19:58',2,2),(1844,'zMpLDC9kZS',39,NULL,NULL,69,0.00,NULL,'2014-10-30 15:48:05','2015-02-19 05:19:58',2,2),(1845,'sYBcejtZPo',39,NULL,NULL,99,0.00,NULL,'2014-10-30 15:48:05','2015-02-19 05:19:58',2,2),(1846,'EvTHJUXW5F',39,NULL,NULL,100,0.00,NULL,'2014-10-30 15:48:05','2015-02-19 05:19:58',2,2),(1847,'wFrWr4zApy',39,NULL,NULL,101,0.00,NULL,'2014-10-30 15:48:05','2015-02-19 05:19:58',2,2),(1848,'tRx44MnyLc',39,NULL,NULL,102,0.00,NULL,'2014-10-30 15:48:05','2015-02-19 05:19:58',2,2),(1849,'WqIP7rK5oQ',39,NULL,NULL,70,400.00,NULL,'2014-10-30 15:48:05','2015-02-19 05:19:58',2,2),(1850,'KVvbSXgryG',39,NULL,NULL,71,0.00,NULL,'2014-10-30 15:48:05','2015-02-19 05:19:58',2,2),(1851,'01xx5Cjta5',39,NULL,NULL,72,600.00,NULL,'2014-10-30 15:48:05','2015-02-19 05:19:58',2,2),(1852,'F7voXCQHIe',39,NULL,NULL,88,0.00,NULL,'2014-10-30 15:48:05','2015-02-19 05:19:58',2,2),(1853,'xsa3E20Vtz',39,NULL,NULL,73,350.00,NULL,'2014-10-30 15:48:05','2015-02-19 05:19:58',2,2),(1854,'9m0Xr3emQl',39,NULL,NULL,58,0.00,0.00,'2014-10-30 15:48:32','2015-02-19 05:20:12',2,2),(1855,'1nyhXw2gy2',39,NULL,NULL,60,0.00,NULL,'2014-10-30 15:48:32','2015-02-19 05:20:12',2,2),(1856,'j2P0hviTpB',39,NULL,NULL,61,3500.00,0.00,'2014-10-30 15:48:32','2015-02-19 05:20:12',2,2),(1857,'YyXZwp2KLS',39,NULL,NULL,62,3288.63,0.00,'2014-10-30 15:48:32','2015-02-19 05:20:12',2,2),(1858,'5MgE4da6tJ',39,NULL,NULL,63,0.00,NULL,'2014-10-30 15:48:32','2015-02-19 05:20:12',2,2),(1859,'8NMYN3t6WT',39,NULL,NULL,64,0.00,NULL,'2014-10-30 15:48:32','2015-02-19 05:20:12',2,2),(1860,'HVsFUY4XJQ',39,NULL,NULL,65,25760.18,0.00,'2014-10-30 15:48:32','2015-02-19 05:20:12',2,2),(1861,'QPD6tHjENM',39,NULL,NULL,66,0.00,NULL,'2014-10-30 15:48:32','2015-02-19 05:20:12',2,2),(1862,'oWzaUndota',39,NULL,NULL,67,0.00,NULL,'2014-10-30 15:48:32','2015-02-19 05:20:12',2,2),(1863,'ha5KP0IUXr',39,NULL,NULL,94,0.00,NULL,'2014-10-30 15:48:32','2015-02-19 05:20:12',2,2),(1864,'KNgnUK5doT',39,NULL,NULL,95,0.00,NULL,'2014-10-30 15:48:32','2015-02-19 05:20:12',2,2),(1865,'ZNPzXKWb9p',39,NULL,NULL,96,0.00,NULL,'2014-10-30 15:48:32','2015-02-19 05:20:12',2,2),(1866,'lqzrbpsTjp',39,NULL,NULL,97,0.00,NULL,'2014-10-30 15:48:32','2015-02-19 05:20:12',2,2),(1867,'kQQxYzSUuA',39,NULL,NULL,80,0.00,NULL,'2014-10-30 15:48:50','2015-02-19 01:22:03',2,2),(1868,'sF83FeU8nh',39,NULL,NULL,81,0.00,NULL,'2014-10-30 15:48:50','2015-02-19 01:22:03',2,2),(1869,'mavmH1t79h',39,NULL,NULL,82,0.00,NULL,'2014-10-30 15:48:50','2015-02-19 01:22:03',2,2),(1870,'ot7f06PT0j',39,NULL,NULL,83,0.00,NULL,'2014-10-30 15:48:50','2015-02-19 01:22:03',2,2),(1871,'usZCwFQqNe',39,NULL,NULL,84,0.00,NULL,'2014-10-30 15:48:50','2015-02-19 01:22:03',2,2),(1872,'H9pdw7eZfn',39,NULL,NULL,87,0.00,NULL,'2014-10-30 15:48:50','2015-02-19 01:22:03',2,2),(1873,'gDRnSSuIMu',39,NULL,NULL,91,0.00,NULL,'2014-10-30 15:48:50','2015-02-19 01:22:03',2,2),(1874,'2gX1SuGJVt',39,NULL,NULL,92,0.00,NULL,'2014-10-30 15:48:50','2015-02-19 01:22:03',2,2),(1875,'YDDnQ9v58K',39,NULL,NULL,93,0.00,NULL,'2014-10-30 15:48:50','2015-02-19 01:22:03',2,2),(1876,'gPsZyimb4V',34,NULL,NULL,104,25.00,25.00,'2014-10-31 11:12:39','2014-11-04 11:50:34',2,2),(1877,'UufduCzxK8',34,NULL,NULL,105,914.93,0.00,'2014-11-04 11:43:06','2014-11-04 11:54:56',2,2),(1878,'XbH3aysUWT',39,NULL,NULL,104,0.00,NULL,'2014-11-05 08:09:33','2015-02-19 05:18:11',2,2),(1879,'WJoxYDiGd2',39,NULL,NULL,105,0.00,NULL,'2014-12-04 08:12:48','2015-02-19 05:19:58',2,2),(1940,'Dl88ZLAr3u',45,NULL,NULL,1,0.00,NULL,'2015-02-05 21:39:52','2015-02-17 22:29:10',2,2),(1941,'As1C0xY5mO',45,NULL,NULL,2,1071.50,NULL,'2015-02-05 21:39:52','2015-02-17 22:29:10',2,2),(1942,'pxcZMyuaK5',45,NULL,NULL,3,125.00,NULL,'2015-02-05 21:39:52','2015-02-17 22:29:10',2,2),(1943,'ooqwxph7Rl',45,NULL,NULL,4,1600.00,NULL,'2015-02-05 21:39:52','2015-02-17 22:29:10',2,2),(1944,'BrOC4P92Uw',45,NULL,NULL,5,0.00,NULL,'2015-02-05 21:39:52','2015-02-17 22:29:10',2,2),(1945,'Rk43kQBO0m',45,NULL,NULL,6,0.00,NULL,'2015-02-05 21:39:52','2015-02-17 22:29:10',2,2),(1946,'ToLkViKdpC',45,NULL,NULL,9,250.00,NULL,'2015-02-05 21:39:52','2015-02-17 22:29:10',2,2),(1947,'y13mE8cNa6',45,NULL,NULL,10,200.00,NULL,'2015-02-05 21:39:52','2015-02-17 22:29:10',2,2),(1948,'k2qo5KfHzg',45,NULL,NULL,103,0.00,NULL,'2015-02-05 21:39:52','2015-02-17 22:29:10',2,2),(1949,'3tFONA6yOw',45,NULL,NULL,104,0.00,NULL,'2015-02-05 21:39:52','2015-02-17 22:29:10',2,2),(1950,'amyeJcmV0x',45,NULL,NULL,89,0.00,NULL,'2015-02-05 21:39:52','2015-02-17 22:29:10',2,2),(1951,'2kztJEeZlN',45,NULL,NULL,90,0.00,NULL,'2015-02-05 21:39:52','2015-02-17 22:29:10',2,2),(1952,'fpgVd4wkCk',45,NULL,NULL,7,0.00,NULL,'2015-02-05 21:39:52','2015-02-17 22:29:10',2,2),(1953,'RMHp1qBnmC',45,NULL,NULL,8,0.00,NULL,'2015-02-05 21:39:52','2015-02-17 22:29:10',2,2),(1954,'UpXuTH87Gu',45,NULL,NULL,11,375.00,NULL,'2015-02-05 21:39:52','2015-02-17 22:29:10',2,2),(1955,'VWTbR7gnrS',45,NULL,NULL,86,13528.33,NULL,'2015-02-05 21:39:52','2015-02-19 16:18:55',2,2),(1956,'HiFoIHPk4c',45,NULL,NULL,85,6764.17,NULL,'2015-02-05 21:39:52','2015-02-19 16:18:55',2,2),(1957,'E84wkQkRZx',45,NULL,NULL,12,6000.00,NULL,'2015-02-05 21:40:32','2015-02-19 16:18:54',2,2),(1958,'QJzjXxbdAZ',45,NULL,NULL,13,0.00,NULL,'2015-02-05 21:40:32','2015-02-19 16:18:54',2,2),(1959,'wvRH3GKMQU',45,NULL,NULL,14,2000.00,NULL,'2015-02-05 21:40:32','2015-02-19 16:18:54',2,2),(1960,'Sv3X1nOmfN',45,NULL,NULL,15,0.00,NULL,'2015-02-05 21:40:32','2015-02-19 16:18:54',2,2),(1961,'T5xtou1zIB',45,NULL,NULL,16,15000.00,NULL,'2015-02-05 21:40:32','2015-02-19 16:18:54',2,2),(1962,'ze7qWb7GXX',45,NULL,NULL,17,8000.00,NULL,'2015-02-05 21:40:32','2015-02-19 16:18:54',2,2),(1963,'AQtDNv1BRg',45,NULL,NULL,18,1110.00,NULL,'2015-02-05 21:40:32','2015-02-19 16:18:54',2,2),(1964,'oLmWeKqfk8',45,NULL,NULL,19,1300.00,NULL,'2015-02-05 21:40:32','2015-02-19 16:18:54',2,2),(1965,'RTnYkjasZ7',45,NULL,NULL,20,9500.00,NULL,'2015-02-05 21:40:32','2015-02-19 16:18:54',2,2),(1966,'pAYTeLogmf',45,NULL,NULL,21,3705.08,NULL,'2015-02-05 21:40:32','2015-02-19 16:18:54',2,2),(1967,'xL0TIfE8uY',45,NULL,NULL,22,5500.00,NULL,'2015-02-05 21:40:32','2015-02-19 16:18:54',2,2),(1968,'hlSFkdYuFY',45,NULL,NULL,23,0.00,NULL,'2015-02-05 21:40:32','2015-02-19 16:18:54',2,2),(1969,'C5zAYNlm4I',45,NULL,NULL,24,1201.85,NULL,'2015-02-05 21:40:32','2015-02-19 16:18:54',2,2),(1970,'CBuDvcS9lm',45,NULL,NULL,25,0.00,NULL,'2015-02-05 21:40:32','2015-02-19 16:18:54',2,2),(1971,'8DI1i2egxU',45,NULL,NULL,26,1724.97,NULL,'2015-02-05 21:40:32','2015-02-19 16:18:54',2,2),(1972,'hngUlBnZdm',45,NULL,NULL,27,3880.00,NULL,'2015-02-05 21:41:11','2015-02-17 22:29:49',2,2),(1973,'b0JWdfR55T',45,NULL,NULL,28,0.00,NULL,'2015-02-05 21:41:11','2015-02-17 22:29:49',2,2),(1974,'jJ4bkcgmZs',45,NULL,NULL,29,0.00,NULL,'2015-02-05 21:41:11','2015-02-17 22:29:49',2,2),(1975,'5gQmabYybb',45,NULL,NULL,32,13250.00,NULL,'2015-02-05 21:41:11','2015-02-17 22:29:49',2,2),(1976,'UncDjpSavY',45,NULL,NULL,33,0.00,NULL,'2015-02-05 21:41:11','2015-02-17 22:29:49',2,2),(1977,'4OH9Z2lgol',45,NULL,NULL,34,0.00,NULL,'2015-02-05 21:41:11','2015-02-17 22:29:49',2,2),(1978,'JuBzRLLPkX',45,NULL,NULL,30,5352.50,NULL,'2015-02-05 21:41:11','2015-02-17 22:29:49',2,2),(1979,'1ekdRDDKO8',45,NULL,NULL,31,1800.00,NULL,'2015-02-05 21:41:11','2015-02-17 22:29:49',2,2),(1980,'ISXp2XsndQ',45,NULL,NULL,35,500.00,NULL,'2015-02-05 21:41:11','2015-02-17 22:29:49',2,2),(1981,'IXlkxc6i2q',45,NULL,NULL,36,0.00,NULL,'2015-02-05 21:41:11','2015-02-17 22:29:49',2,2),(1982,'f3EzhwdUg2',45,NULL,NULL,37,0.00,NULL,'2015-02-05 21:41:11','2015-02-17 22:29:50',2,2),(1983,'3ZV0oXXQka',45,NULL,NULL,38,0.00,NULL,'2015-02-05 21:41:11','2015-02-17 22:29:50',2,2),(1984,'H383oFguXi',45,NULL,NULL,39,0.00,NULL,'2015-02-05 21:41:11','2015-02-17 22:29:50',2,2),(1985,'UdmzND51xm',45,NULL,NULL,40,0.00,NULL,'2015-02-05 21:41:11','2015-02-17 22:29:50',2,2),(1986,'3AlYAKVyBg',45,NULL,NULL,41,0.00,NULL,'2015-02-05 21:41:11','2015-02-17 22:29:50',2,2),(1987,'IjjRmIwCcu',45,NULL,NULL,42,0.00,NULL,'2015-02-05 21:41:11','2015-02-17 22:29:50',2,2),(1988,'U7HhHvUNws',45,NULL,NULL,43,0.00,NULL,'2015-02-05 21:41:11','2015-02-17 22:29:50',2,2),(1989,'9z2vxDfsbR',45,NULL,NULL,44,0.00,NULL,'2015-02-05 21:41:11','2015-02-17 22:29:50',2,2),(1990,'IUa2MwKi9X',45,NULL,NULL,45,0.00,NULL,'2015-02-05 21:41:11','2015-02-17 22:29:50',2,2),(1991,'M45ulMZfzv',45,NULL,NULL,46,0.00,NULL,'2015-02-05 21:41:11','2015-02-17 22:29:50',2,2),(1992,'HJ5KeCou5A',45,NULL,NULL,47,0.00,NULL,'2015-02-05 21:41:11','2015-02-17 22:29:50',2,2),(1993,'lNvvQh2Bzb',45,NULL,NULL,48,8000.00,NULL,'2015-02-05 21:41:11','2015-02-17 22:29:50',2,2),(1994,'ypVXhwhCCq',45,NULL,NULL,68,3360.00,NULL,'2015-02-05 21:42:03','2015-02-17 22:30:07',2,2),(1995,'4OMbsjBsK0',45,NULL,NULL,49,6882.00,NULL,'2015-02-05 21:42:03','2015-02-17 22:30:07',2,2),(1996,'DvZWBU7577',45,NULL,NULL,50,0.00,NULL,'2015-02-05 21:42:03','2015-02-17 22:30:07',2,2),(1997,'FGxADO7VrJ',45,NULL,NULL,53,4714.60,NULL,'2015-02-05 21:42:03','2015-02-17 22:30:07',2,2),(1998,'lvy8H0ritb',45,NULL,NULL,54,2571.60,NULL,'2015-02-05 21:42:03','2015-02-17 22:30:07',2,2),(1999,'i7Hh3icaok',45,NULL,NULL,51,2970.75,NULL,'2015-02-05 21:42:03','2015-02-17 22:30:07',2,2),(2000,'i30PEEELz5',45,NULL,NULL,52,4500.00,NULL,'2015-02-05 21:42:03','2015-02-17 22:30:07',2,2),(2001,'uUB22i3uAx',45,NULL,NULL,55,800.00,NULL,'2015-02-05 21:42:03','2015-02-17 22:30:07',2,2),(2002,'FTEnbIFnT3',45,NULL,NULL,56,0.00,NULL,'2015-02-05 21:42:03','2015-02-17 22:30:07',2,2),(2003,'Hb7I1LmGwW',45,NULL,NULL,57,330.00,NULL,'2015-02-05 21:42:03','2015-02-17 22:30:07',2,2),(2004,'L1Qm4TF7og',45,NULL,NULL,69,4557.00,NULL,'2015-02-05 21:42:03','2015-02-17 22:30:07',2,2),(2005,'F39jrl26JV',45,NULL,NULL,99,0.00,NULL,'2015-02-05 21:42:03','2015-02-17 22:30:07',2,2),(2006,'ar7h982vOz',45,NULL,NULL,100,0.00,NULL,'2015-02-05 21:42:03','2015-02-17 22:30:07',2,2),(2007,'rAAiXEcDMA',45,NULL,NULL,101,1278.00,NULL,'2015-02-05 21:42:03','2015-02-17 22:30:07',2,2),(2008,'TrE3L6oNc7',45,NULL,NULL,102,639.00,NULL,'2015-02-05 21:42:03','2015-02-17 22:30:07',2,2),(2009,'JnyQEIYHdN',45,NULL,NULL,105,144.00,NULL,'2015-02-05 21:42:03','2015-02-17 22:30:07',2,2),(2010,'gFoRYmwbZi',45,NULL,NULL,70,250.00,NULL,'2015-02-05 21:42:03','2015-02-17 22:30:07',2,2),(2011,'MSKrWwxkkJ',45,NULL,NULL,71,0.00,NULL,'2015-02-05 21:42:03','2015-02-17 22:30:07',2,2),(2012,'s371TLJSsX',45,NULL,NULL,72,300.00,NULL,'2015-02-05 21:42:03','2015-02-17 22:30:07',2,2),(2013,'GJD4BBq7Np',45,NULL,NULL,88,0.00,NULL,'2015-02-05 21:42:03','2015-02-17 22:30:07',2,2),(2014,'qzib0fHyA2',45,NULL,NULL,73,500.00,NULL,'2015-02-05 21:42:03','2015-02-17 22:30:07',2,2),(2015,'jL0CkbX0ud',45,NULL,NULL,58,1250.00,NULL,'2015-02-05 21:44:05','2015-02-19 16:18:40',2,2),(2016,'hiJeqMh9Mf',45,NULL,NULL,60,0.00,NULL,'2015-02-05 21:44:05','2015-02-19 16:18:40',2,2),(2017,'RUoVINlE0O',45,NULL,NULL,61,2800.00,NULL,'2015-02-05 21:44:05','2015-02-19 16:18:40',2,2),(2018,'mkznWUyUU2',45,NULL,NULL,62,2500.00,NULL,'2015-02-05 21:44:05','2015-02-19 16:18:40',2,2),(2019,'8clRqLDHVq',45,NULL,NULL,63,0.00,NULL,'2015-02-05 21:44:05','2015-02-19 16:18:40',2,2),(2020,'XNlmJ394Ia',45,NULL,NULL,64,0.00,NULL,'2015-02-05 21:44:05','2015-02-19 16:18:40',2,2),(2021,'S5vssrm0mh',45,NULL,NULL,65,2319.00,NULL,'2015-02-05 21:44:05','2015-02-19 16:18:40',2,2),(2022,'3utpmTb0B7',45,NULL,NULL,66,0.00,NULL,'2015-02-05 21:44:05','2015-02-19 16:18:40',2,2),(2023,'qzUMVDP5Iy',45,NULL,NULL,67,500.00,NULL,'2015-02-05 21:44:05','2015-02-19 16:18:40',2,2),(2024,'fADK25cp6z',45,NULL,NULL,94,0.00,NULL,'2015-02-05 21:44:05','2015-02-19 16:18:40',2,2),(2025,'Ga49zq3LqE',45,NULL,NULL,95,0.00,NULL,'2015-02-05 21:44:05','2015-02-19 16:18:40',2,2),(2026,'SReMDaqtf8',45,NULL,NULL,96,0.00,NULL,'2015-02-05 21:44:05','2015-02-19 16:18:40',2,2),(2027,'1uJEfMKsbR',45,NULL,NULL,97,0.00,NULL,'2015-02-05 21:44:05','2015-02-19 16:18:40',2,2),(2028,'wQHZm8j6iQ',45,NULL,NULL,92,350.00,NULL,'2015-02-05 21:44:20','2015-02-17 22:30:49',2,2),(2029,'DJYCkH7IYa',45,NULL,NULL,93,321.45,NULL,'2015-02-05 21:44:20','2015-02-17 22:30:49',2,2),(2030,'pfXAOtP01l',45,NULL,NULL,80,0.00,NULL,'2015-02-05 21:44:20','2015-02-17 22:30:49',2,2),(2031,'MxbtxyCQFU',45,NULL,NULL,81,0.00,NULL,'2015-02-05 21:44:20','2015-02-17 22:30:49',2,2),(2032,'HiEFUYm2Gl',45,NULL,NULL,82,0.00,NULL,'2015-02-05 21:44:20','2015-02-17 22:30:49',2,2),(2033,'c5BaGqDvqE',45,NULL,NULL,83,0.00,NULL,'2015-02-05 21:44:20','2015-02-17 22:30:49',2,2),(2034,'Rdc3HJCjAi',45,NULL,NULL,87,0.00,NULL,'2015-02-05 21:44:20','2015-02-17 22:30:49',2,2),(2035,'ehBTXvRjyy',45,NULL,NULL,91,0.00,NULL,'2015-02-05 21:44:20','2015-02-17 22:30:49',2,2),(2036,'FLEgVkHyQ8',45,NULL,NULL,84,0.00,NULL,'2015-02-05 21:44:20','2015-02-17 22:30:49',2,2),(2037,'JJula8ydPc',39,NULL,NULL,106,2000.00,NULL,'2015-02-19 05:17:27','2015-02-19 05:18:11',2,2),(2038,'TBfIEQlCZE',44,NULL,NULL,104,0.00,NULL,'2015-03-10 21:46:58','2015-03-10 21:46:58',2,2),(2039,'zua1lHK0k1',44,NULL,NULL,106,0.00,NULL,'2015-03-10 21:46:58','2015-03-10 21:46:58',2,2),(2040,'nPHC2ulNkQ',44,NULL,NULL,105,0.00,NULL,'2015-03-10 21:51:14','2015-03-10 21:51:14',2,2),(2041,'U27vH2OaQs',46,NULL,NULL,1,0.00,NULL,'2015-04-22 00:03:31','2015-04-22 14:44:25',2,2),(2042,'hEOuQsImcy',46,NULL,NULL,2,2000.00,NULL,'2015-04-22 00:03:31','2015-04-22 14:44:25',2,2),(2043,'K77DGZkJg7',46,NULL,NULL,3,120.00,NULL,'2015-04-22 00:03:31','2015-04-22 14:44:25',2,2),(2044,'faanFRpt1f',46,NULL,NULL,4,1800.00,NULL,'2015-04-22 00:03:31','2015-04-22 14:44:25',2,2),(2045,'WiULNKdv7q',46,NULL,NULL,5,0.00,NULL,'2015-04-22 00:03:31','2015-04-22 14:44:25',2,2),(2046,'3RxbvdbPXr',46,NULL,NULL,6,10000.00,NULL,'2015-04-22 00:03:31','2015-04-22 14:44:25',2,2),(2047,'WdB7AgYZK0',46,NULL,NULL,9,0.00,NULL,'2015-04-22 00:03:31','2015-04-22 14:44:25',2,2),(2048,'fGj9r6UEC1',46,NULL,NULL,10,0.00,NULL,'2015-04-22 00:03:31','2015-04-22 14:44:25',2,2),(2049,'4GTCRoQ2dN',46,NULL,NULL,103,0.00,NULL,'2015-04-22 00:03:31','2015-04-22 14:44:25',2,2),(2050,'ua05iAlgA6',46,NULL,NULL,104,0.00,NULL,'2015-04-22 00:03:31','2015-04-22 14:44:25',2,2),(2051,'hPMAZeHUSj',46,NULL,NULL,106,0.00,NULL,'2015-04-22 00:03:31','2015-04-22 14:44:25',2,2),(2052,'WXZPAReqUs',46,NULL,NULL,89,0.00,NULL,'2015-04-22 00:03:31','2015-04-22 14:44:25',2,2),(2053,'eoCfuUPQbq',46,NULL,NULL,90,0.00,NULL,'2015-04-22 00:03:31','2015-04-22 14:44:25',2,2),(2054,'WsgI3gWKaP',46,NULL,NULL,7,0.00,NULL,'2015-04-22 00:03:31','2015-04-22 14:44:25',2,2),(2055,'47M4XnWbNQ',46,NULL,NULL,8,0.00,NULL,'2015-04-22 00:03:31','2015-04-22 14:44:25',2,2),(2056,'D2fghJb7zm',46,NULL,NULL,11,0.00,NULL,'2015-04-22 00:03:31','2015-04-22 14:44:25',2,2),(2057,'xwPNeS3bDe',46,NULL,NULL,86,139200.00,NULL,'2015-04-22 00:03:31','2015-04-22 14:48:14',2,2),(2058,'0HlNMiaIuY',46,NULL,NULL,85,111360.00,NULL,'2015-04-22 00:03:31','2015-04-22 14:48:14',2,2),(2059,'u5J1o4UaGV',46,NULL,NULL,12,0.00,NULL,'2015-04-22 00:06:06','2015-04-22 14:45:31',2,2),(2060,'UtIaX8jwA5',46,NULL,NULL,13,0.00,NULL,'2015-04-22 00:06:06','2015-04-22 14:45:31',2,2),(2061,'rG2vFceV6R',46,NULL,NULL,14,0.00,NULL,'2015-04-22 00:06:06','2015-04-22 14:45:31',2,2),(2062,'dBWXCk1xvH',46,NULL,NULL,15,0.00,NULL,'2015-04-22 00:06:06','2015-04-22 14:45:31',2,2),(2063,'tpbbA8jTFU',46,NULL,NULL,16,0.00,NULL,'2015-04-22 00:06:06','2015-04-22 14:45:31',2,2),(2064,'Y6A0CgdQck',46,NULL,NULL,17,0.00,NULL,'2015-04-22 00:06:06','2015-04-22 14:45:31',2,2),(2065,'HpVEnyYo5u',46,NULL,NULL,18,0.00,NULL,'2015-04-22 00:06:06','2015-04-22 14:45:31',2,2),(2066,'6zThKuq4o5',46,NULL,NULL,19,0.00,NULL,'2015-04-22 00:06:06','2015-04-22 14:45:31',2,2),(2067,'YmcznOPBF1',46,NULL,NULL,20,0.00,NULL,'2015-04-22 00:06:06','2015-04-22 14:45:31',2,2),(2068,'VmrQ1Oo0du',46,NULL,NULL,21,0.00,NULL,'2015-04-22 00:06:06','2015-04-22 14:45:31',2,2),(2069,'uj3nBNS2Sg',46,NULL,NULL,22,0.00,NULL,'2015-04-22 00:06:06','2015-04-22 14:45:31',2,2),(2070,'8QDlp1aeCP',46,NULL,NULL,23,0.00,NULL,'2015-04-22 00:06:06','2015-04-22 14:45:31',2,2),(2071,'gxcHndvMdI',46,NULL,NULL,24,0.00,NULL,'2015-04-22 00:06:06','2015-04-22 14:45:31',2,2),(2072,'gH2j5E7YHZ',46,NULL,NULL,25,0.00,NULL,'2015-04-22 00:06:06','2015-04-22 14:45:31',2,2),(2073,'eQQRbgSluv',46,NULL,NULL,26,0.00,NULL,'2015-04-22 00:06:06','2015-04-22 14:45:31',2,2),(2074,'JuAheheexT',46,NULL,NULL,27,0.00,NULL,'2015-04-22 00:12:59','2015-04-22 14:45:56',2,2),(2075,'1FUGtge0Ww',46,NULL,NULL,28,0.00,NULL,'2015-04-22 00:12:59','2015-04-22 14:45:56',2,2),(2076,'hokid16UBt',46,NULL,NULL,29,0.00,NULL,'2015-04-22 00:12:59','2015-04-22 14:45:56',2,2),(2077,'jkYTBcbQrJ',46,NULL,NULL,32,0.00,NULL,'2015-04-22 00:12:59','2015-04-22 14:45:56',2,2),(2078,'KtoFaRVpRR',46,NULL,NULL,33,0.00,NULL,'2015-04-22 00:12:59','2015-04-22 14:45:56',2,2),(2079,'V9gfsuhypS',46,NULL,NULL,34,0.00,NULL,'2015-04-22 00:12:59','2015-04-22 14:45:56',2,2),(2080,'2Ic0COdNFF',46,NULL,NULL,30,0.00,NULL,'2015-04-22 00:12:59','2015-04-22 14:45:56',2,2),(2081,'wp8U4jM0IE',46,NULL,NULL,31,0.00,NULL,'2015-04-22 00:12:59','2015-04-22 14:45:56',2,2),(2082,'REN8UfDbO2',46,NULL,NULL,35,0.00,NULL,'2015-04-22 00:12:59','2015-04-22 14:45:56',2,2),(2083,'3QLfRo44bJ',46,NULL,NULL,36,0.00,NULL,'2015-04-22 00:12:59','2015-04-22 14:45:56',2,2),(2084,'KI9SDdcpdU',46,NULL,NULL,37,0.00,NULL,'2015-04-22 00:12:59','2015-04-22 14:45:56',2,2),(2085,'45zRet7SEV',46,NULL,NULL,38,0.00,NULL,'2015-04-22 00:12:59','2015-04-22 14:45:56',2,2),(2086,'UHMGXD41Ig',46,NULL,NULL,39,0.00,NULL,'2015-04-22 00:12:59','2015-04-22 14:45:56',2,2),(2087,'LsZUlC8x2m',46,NULL,NULL,40,0.00,NULL,'2015-04-22 00:12:59','2015-04-22 14:45:56',2,2),(2088,'s6r1YGu5y8',46,NULL,NULL,41,0.00,NULL,'2015-04-22 00:12:59','2015-04-22 14:45:56',2,2),(2089,'0tQNaNrfP9',46,NULL,NULL,42,0.00,NULL,'2015-04-22 00:12:59','2015-04-22 14:45:56',2,2),(2090,'vACvvX7Dva',46,NULL,NULL,43,0.00,NULL,'2015-04-22 00:12:59','2015-04-22 14:45:56',2,2),(2091,'ZXgrZe8tkG',46,NULL,NULL,44,0.00,NULL,'2015-04-22 00:12:59','2015-04-22 14:45:56',2,2),(2092,'Clas8kgzA5',46,NULL,NULL,45,0.00,NULL,'2015-04-22 00:12:59','2015-04-22 14:45:56',2,2),(2093,'J6GmBckIPP',46,NULL,NULL,46,0.00,NULL,'2015-04-22 00:12:59','2015-04-22 14:45:56',2,2),(2094,'TPN9gMoogJ',46,NULL,NULL,47,0.00,NULL,'2015-04-22 00:12:59','2015-04-22 14:45:56',2,2),(2095,'5S4gkdABNa',46,NULL,NULL,48,0.00,NULL,'2015-04-22 00:12:59','2015-04-22 14:45:56',2,2),(2096,'zaGwmPQmGr',46,NULL,NULL,68,0.00,NULL,'2015-04-22 00:13:35','2015-04-22 14:47:39',2,2),(2097,'4WVP4lNrTb',46,NULL,NULL,49,0.00,NULL,'2015-04-22 00:13:35','2015-04-22 14:47:39',2,2),(2098,'U1wTvWXvDv',46,NULL,NULL,50,0.00,NULL,'2015-04-22 00:13:35','2015-04-22 14:47:39',2,2),(2099,'bdGRJ2Gzpn',46,NULL,NULL,53,0.00,NULL,'2015-04-22 00:13:35','2015-04-22 14:47:39',2,2),(2100,'1tkWjoi6Pb',46,NULL,NULL,54,0.00,NULL,'2015-04-22 00:13:35','2015-04-22 14:47:39',2,2),(2101,'hJdNCIKzdn',46,NULL,NULL,51,0.00,NULL,'2015-04-22 00:13:35','2015-04-22 14:47:39',2,2),(2102,'5pALhjOYTd',46,NULL,NULL,52,0.00,NULL,'2015-04-22 00:13:35','2015-04-22 14:47:39',2,2),(2103,'lUHFR04a7T',46,NULL,NULL,55,0.00,NULL,'2015-04-22 00:13:35','2015-04-22 14:47:39',2,2),(2104,'lpCydfhXPv',46,NULL,NULL,56,0.00,NULL,'2015-04-22 00:13:35','2015-04-22 14:47:39',2,2),(2105,'kUUVGbfu98',46,NULL,NULL,57,0.00,NULL,'2015-04-22 00:13:35','2015-04-22 14:47:39',2,2),(2106,'Iv3qaUre5y',46,NULL,NULL,69,0.00,NULL,'2015-04-22 00:13:35','2015-04-22 14:47:39',2,2),(2107,'8qXLZa0h8P',46,NULL,NULL,99,0.00,NULL,'2015-04-22 00:13:35','2015-04-22 14:47:39',2,2),(2108,'MtKHoqSDV2',46,NULL,NULL,100,0.00,NULL,'2015-04-22 00:13:35','2015-04-22 14:47:39',2,2),(2109,'MExP4IKvXP',46,NULL,NULL,101,0.00,NULL,'2015-04-22 00:13:35','2015-04-22 14:47:39',2,2),(2110,'45g1RgcRxl',46,NULL,NULL,102,0.00,NULL,'2015-04-22 00:13:35','2015-04-22 14:47:39',2,2),(2111,'GkOr1dRUQN',46,NULL,NULL,105,0.00,NULL,'2015-04-22 00:13:35','2015-04-22 14:47:39',2,2),(2112,'XCrvsvdc1b',46,NULL,NULL,70,0.00,NULL,'2015-04-22 00:13:35','2015-04-22 14:47:39',2,2),(2113,'25hi78yk06',46,NULL,NULL,71,0.00,NULL,'2015-04-22 00:13:35','2015-04-22 14:47:39',2,2),(2114,'FGru8tHZnx',46,NULL,NULL,72,0.00,NULL,'2015-04-22 00:13:35','2015-04-22 14:47:39',2,2),(2115,'MladQCJ4PK',46,NULL,NULL,88,0.00,NULL,'2015-04-22 00:13:35','2015-04-22 14:47:39',2,2),(2116,'gRQxaXGJhG',46,NULL,NULL,73,0.00,NULL,'2015-04-22 00:13:35','2015-04-22 14:47:39',2,2),(2117,'oG0lUMzrYC',46,NULL,NULL,58,0.00,NULL,'2015-04-22 00:13:44','2015-04-22 14:48:13',2,2),(2118,'EiU9jdHuSp',46,NULL,NULL,60,0.00,NULL,'2015-04-22 00:13:44','2015-04-22 14:48:13',2,2),(2119,'EzV7C8IToZ',46,NULL,NULL,61,0.00,NULL,'2015-04-22 00:13:44','2015-04-22 14:48:13',2,2),(2120,'NNFO8ABH1z',46,NULL,NULL,62,0.00,NULL,'2015-04-22 00:13:44','2015-04-22 14:48:13',2,2),(2121,'kGReQbsyGl',46,NULL,NULL,63,0.00,NULL,'2015-04-22 00:13:44','2015-04-22 14:48:13',2,2),(2122,'XlUTsw1aqq',46,NULL,NULL,64,0.00,NULL,'2015-04-22 00:13:44','2015-04-22 14:48:13',2,2),(2123,'aedP2mqD3s',46,NULL,NULL,65,0.00,NULL,'2015-04-22 00:13:44','2015-04-22 14:48:13',2,2),(2124,'do95CZh5xY',46,NULL,NULL,66,0.00,NULL,'2015-04-22 00:13:44','2015-04-22 14:48:13',2,2),(2125,'qvjkoLRpWi',46,NULL,NULL,67,0.00,NULL,'2015-04-22 00:13:44','2015-04-22 14:48:13',2,2),(2126,'Q6w4Wzqmcu',46,NULL,NULL,94,0.00,NULL,'2015-04-22 00:13:44','2015-04-22 14:48:13',2,2),(2127,'OqSYvvXMBu',46,NULL,NULL,95,0.00,NULL,'2015-04-22 00:13:44','2015-04-22 14:48:13',2,2),(2128,'K1Z3moPeOL',46,NULL,NULL,96,0.00,NULL,'2015-04-22 00:13:44','2015-04-22 14:48:13',2,2),(2129,'wER3JNCaaP',46,NULL,NULL,97,0.00,NULL,'2015-04-22 00:13:44','2015-04-22 14:48:13',2,2),(2130,'SeJz7uZyCH',47,NULL,NULL,1,0.00,NULL,'2015-09-01 16:50:09','2015-09-08 16:32:47',2,NULL),(2131,'OcwVMZUNGo',47,NULL,NULL,2,0.00,NULL,'2015-09-01 16:50:09','2015-09-08 16:32:47',2,NULL),(2132,'Dq02BK7em7',47,NULL,NULL,3,40.00,NULL,'2015-09-01 16:50:09','2015-09-08 16:32:47',2,NULL),(2133,'SemCNu6M2J',47,NULL,NULL,4,543.25,NULL,'2015-09-01 16:50:09','2015-09-08 16:32:47',2,NULL),(2134,'uQW1MI0GwG',47,NULL,NULL,5,0.00,NULL,'2015-09-01 16:50:09','2015-09-08 16:32:47',2,NULL),(2135,'5a65cIQjWc',47,NULL,NULL,6,0.00,NULL,'2015-09-01 16:50:09','2015-09-08 16:32:47',2,NULL),(2136,'rOqNqehx1j',47,NULL,NULL,9,100.00,NULL,'2015-09-01 16:50:09','2015-09-08 16:32:47',2,NULL),(2137,'gvacwWVxDs',47,NULL,NULL,10,100.00,NULL,'2015-09-01 16:50:09','2015-09-08 16:32:47',2,NULL),(2138,'eIClOP3E80',47,NULL,NULL,103,0.00,NULL,'2015-09-01 16:50:09','2015-09-08 16:32:47',2,NULL),(2139,'RzPhmfwDNx',47,NULL,NULL,104,0.00,NULL,'2015-09-01 16:50:09','2015-09-08 16:32:47',2,NULL),(2140,'X328gz4c7I',47,NULL,NULL,106,0.00,NULL,'2015-09-01 16:50:09','2015-09-08 16:32:47',2,NULL),(2141,'FlqiGf7JTf',47,NULL,NULL,89,0.00,NULL,'2015-09-01 16:50:09','2015-09-08 16:32:47',2,NULL),(2142,'JLPy2bOyPB',47,NULL,NULL,90,0.00,NULL,'2015-09-01 16:50:09','2015-09-08 16:32:47',2,NULL),(2143,'6NF9VWIZ9P',47,NULL,NULL,7,0.00,NULL,'2015-09-01 16:50:09','2015-09-08 16:32:47',2,NULL),(2144,'IOa96RodAi',47,NULL,NULL,8,0.00,NULL,'2015-09-01 16:50:09','2015-09-08 16:32:47',2,NULL),(2145,'tk3iS6uHFj',47,NULL,NULL,11,90.00,NULL,'2015-09-01 16:50:09','2015-09-08 16:32:47',2,NULL),(2146,'jL6ZU1VD15',47,NULL,NULL,86,4780.45,NULL,'2015-09-01 16:50:09','2015-09-09 16:57:37',2,2),(2147,'sKTDT0uhe5',47,NULL,NULL,85,1991.86,NULL,'2015-09-01 16:50:09','2015-09-09 16:57:37',2,2),(2148,'yryA0lhse2',47,NULL,NULL,12,2500.00,NULL,'2015-09-01 16:56:26','2015-09-09 16:57:37',2,2),(2149,'GqKdX0A0MP',47,NULL,NULL,13,0.00,NULL,'2015-09-01 16:56:26','2015-09-09 16:57:37',2,2),(2150,'ZFOG88e1y7',47,NULL,NULL,14,0.00,NULL,'2015-09-01 16:56:26','2015-09-09 16:57:37',2,2),(2151,'T6zsHzNZ21',47,NULL,NULL,15,0.00,NULL,'2015-09-01 16:56:26','2015-09-09 16:57:37',2,2),(2152,'1JsLWpMwqz',47,NULL,NULL,16,3800.00,NULL,'2015-09-01 16:56:26','2015-09-09 16:57:37',2,2),(2153,'mqea6njloR',47,NULL,NULL,17,0.00,NULL,'2015-09-01 16:56:26','2015-09-09 16:57:37',2,2),(2154,'tiY2KFBxEE',47,NULL,NULL,18,0.00,NULL,'2015-09-01 16:56:26','2015-09-09 16:57:37',2,2),(2155,'zGn1sjrfPR',47,NULL,NULL,19,0.00,NULL,'2015-09-01 16:56:26','2015-09-09 16:57:37',2,2),(2156,'Och2noqGJP',47,NULL,NULL,20,6244.41,NULL,'2015-09-01 16:56:26','2015-09-09 16:57:37',2,2),(2157,'yc7xfRcQpR',47,NULL,NULL,21,0.00,NULL,'2015-09-01 16:56:26','2015-09-09 16:57:37',2,2),(2158,'uYxR00brf0',47,NULL,NULL,22,6000.00,NULL,'2015-09-01 16:56:26','2015-09-09 16:57:37',2,2),(2159,'j4dB7AZxhJ',47,NULL,NULL,23,3101.71,NULL,'2015-09-01 16:56:26','2015-09-09 16:57:37',2,2),(2160,'mQWtnblz2K',47,NULL,NULL,24,0.00,NULL,'2015-09-01 16:56:26','2015-09-09 16:57:37',2,2),(2161,'rwJZoJZzbf',47,NULL,NULL,25,800.00,NULL,'2015-09-01 16:56:26','2015-09-09 16:57:37',2,2),(2162,'AujO5ro5YG',47,NULL,NULL,26,477.75,NULL,'2015-09-01 16:56:26','2015-09-09 16:57:37',2,2),(2163,'nR8Jj6aYqZ',47,NULL,NULL,27,0.00,NULL,'2015-09-01 16:57:48','2015-09-08 19:42:27',2,2),(2164,'P35gwTvhrJ',47,NULL,NULL,28,0.00,NULL,'2015-09-01 16:57:48','2015-09-08 19:42:27',2,2),(2165,'QSuIzqwU7b',47,NULL,NULL,29,0.00,NULL,'2015-09-01 16:57:49','2015-09-08 19:42:27',2,2),(2166,'4v3cfmjplJ',47,NULL,NULL,32,0.00,NULL,'2015-09-01 16:57:49','2015-09-08 19:42:27',2,2),(2167,'oaMuqjoVAP',47,NULL,NULL,33,0.00,NULL,'2015-09-01 16:57:49','2015-09-08 19:42:27',2,2),(2168,'FqI99izFcH',47,NULL,NULL,34,0.00,NULL,'2015-09-01 16:57:49','2015-09-08 19:42:27',2,2),(2169,'RgdUsshLRC',47,NULL,NULL,30,3000.00,NULL,'2015-09-01 16:57:49','2015-09-08 19:42:27',2,2),(2170,'vgMiLdB99b',47,NULL,NULL,31,0.00,NULL,'2015-09-01 16:57:49','2015-09-08 19:42:27',2,2),(2171,'ZOBHXL0xrc',47,NULL,NULL,35,0.00,NULL,'2015-09-01 16:57:49','2015-09-08 19:42:27',2,2),(2172,'fittdWVuIN',47,NULL,NULL,36,0.00,NULL,'2015-09-01 16:57:49','2015-09-08 19:42:27',2,2),(2173,'7d4UvQ77Zh',47,NULL,NULL,37,0.00,NULL,'2015-09-01 16:57:49','2015-09-08 19:42:27',2,2),(2174,'iZ5UG3GHB7',47,NULL,NULL,38,0.00,NULL,'2015-09-01 16:57:49','2015-09-08 19:42:27',2,2),(2175,'TRpnkDjg82',47,NULL,NULL,39,0.00,NULL,'2015-09-01 16:57:49','2015-09-08 19:42:27',2,2),(2176,'3ff89LYgTY',47,NULL,NULL,40,0.00,NULL,'2015-09-01 16:57:49','2015-09-08 19:42:27',2,2),(2177,'xcXD6EHMli',47,NULL,NULL,41,0.00,NULL,'2015-09-01 16:57:49','2015-09-08 19:42:27',2,2),(2178,'Uf9jCuXWK5',47,NULL,NULL,42,0.00,NULL,'2015-09-01 16:57:49','2015-09-08 19:42:27',2,2),(2179,'YNkeWu0ULT',47,NULL,NULL,43,0.00,NULL,'2015-09-01 16:57:49','2015-09-08 19:42:27',2,2),(2180,'Sj5QWcuDZP',47,NULL,NULL,44,0.00,NULL,'2015-09-01 16:57:49','2015-09-08 19:42:27',2,2),(2181,'WT56dHAaDk',47,NULL,NULL,45,0.00,NULL,'2015-09-01 16:57:49','2015-09-08 19:42:27',2,2),(2182,'gC8AQ44RYP',47,NULL,NULL,46,0.00,NULL,'2015-09-01 16:57:49','2015-09-08 19:42:27',2,2),(2183,'KR8PI52cJ1',47,NULL,NULL,47,0.00,NULL,'2015-09-01 16:57:49','2015-09-08 19:42:27',2,2),(2184,'2FV7M8Pmjt',47,NULL,NULL,48,0.00,NULL,'2015-09-01 16:57:49','2015-09-08 19:42:27',2,2),(2185,'RjIdNgnmjj',47,NULL,NULL,68,0.00,NULL,'2015-09-01 16:57:57','2015-09-08 21:09:03',2,NULL),(2186,'9P2DLHS5r1',47,NULL,NULL,49,0.00,NULL,'2015-09-01 16:57:57','2015-09-08 21:09:03',2,NULL),(2187,'18zLLcCUyM',47,NULL,NULL,50,0.00,NULL,'2015-09-01 16:57:57','2015-09-08 21:09:03',2,NULL),(2188,'7q5QDT71fq',47,NULL,NULL,53,0.00,NULL,'2015-09-01 16:57:57','2015-09-08 21:09:03',2,NULL),(2189,'lofn214V7w',47,NULL,NULL,54,1500.00,NULL,'2015-09-01 16:57:57','2015-09-08 21:09:03',2,NULL),(2190,'X8FwTqIvlg',47,NULL,NULL,51,0.00,NULL,'2015-09-01 16:57:57','2015-09-08 21:09:03',2,NULL),(2191,'htHnkkgrlv',47,NULL,NULL,52,0.00,NULL,'2015-09-01 16:57:57','2015-09-08 21:09:03',2,NULL),(2192,'SHU84Wa8Rh',47,NULL,NULL,55,0.00,NULL,'2015-09-01 16:57:57','2015-09-08 21:09:03',2,NULL),(2193,'FPpkljL4P6',47,NULL,NULL,56,0.00,NULL,'2015-09-01 16:57:57','2015-09-08 21:09:03',2,NULL),(2194,'l7A2uUnKmJ',47,NULL,NULL,57,0.00,NULL,'2015-09-01 16:57:57','2015-09-08 21:09:03',2,NULL),(2195,'feq9nu6xDY',47,NULL,NULL,69,0.00,NULL,'2015-09-01 16:57:57','2015-09-08 21:09:03',2,NULL),(2196,'OiNeC9yodn',47,NULL,NULL,99,0.00,NULL,'2015-09-01 16:57:57','2015-09-08 21:09:03',2,NULL),(2197,'uyu5AZZXJl',47,NULL,NULL,100,0.00,NULL,'2015-09-01 16:57:57','2015-09-08 21:09:03',2,NULL),(2198,'GZA79XBfuf',47,NULL,NULL,101,0.00,NULL,'2015-09-01 16:57:57','2015-09-08 21:09:03',2,NULL),(2199,'ejx1xaa6yo',47,NULL,NULL,102,0.00,NULL,'2015-09-01 16:57:57','2015-09-08 21:09:03',2,NULL),(2200,'t3WY8xX8vH',47,NULL,NULL,105,0.00,NULL,'2015-09-01 16:57:57','2015-09-08 21:09:03',2,NULL),(2201,'tcG4jQ1V6w',47,NULL,NULL,70,0.00,NULL,'2015-09-01 16:57:57','2015-09-08 21:09:03',2,NULL),(2202,'akQImoTxur',47,NULL,NULL,71,0.00,NULL,'2015-09-01 16:57:57','2015-09-08 21:09:03',2,NULL),(2203,'VXvSWEqTMW',47,NULL,NULL,72,0.00,NULL,'2015-09-01 16:57:57','2015-09-08 21:09:03',2,NULL),(2204,'Bg9hkt8moe',47,NULL,NULL,88,0.00,NULL,'2015-09-01 16:57:57','2015-09-08 21:09:03',2,NULL),(2205,'SzyIhV6asA',47,NULL,NULL,73,0.00,NULL,'2015-09-01 16:57:57','2015-09-08 21:09:03',2,NULL),(2206,'gQ9pnY32wn',47,NULL,NULL,58,0.00,NULL,'2015-09-01 16:58:13','2015-09-09 15:03:38',2,2),(2207,'3uNmPqZ135',47,NULL,NULL,60,0.00,NULL,'2015-09-01 16:58:13','2015-09-09 15:03:38',2,2),(2208,'5FqfxBeSYE',47,NULL,NULL,61,4000.00,NULL,'2015-09-01 16:58:13','2015-09-09 15:03:38',2,2),(2209,'sevBETzIV5',47,NULL,NULL,62,4190.00,NULL,'2015-09-01 16:58:13','2015-09-09 15:03:38',2,2),(2210,'5YATlqjlrn',47,NULL,NULL,63,0.00,NULL,'2015-09-01 16:58:13','2015-09-09 15:03:38',2,2),(2211,'rx2RNAt2tr',47,NULL,NULL,64,0.00,NULL,'2015-09-01 16:58:13','2015-09-09 15:03:38',2,2),(2212,'GVGcwk5621',47,NULL,NULL,65,3350.00,NULL,'2015-09-01 16:58:13','2015-09-09 15:03:38',2,2),(2213,'c80M1mclIE',47,NULL,NULL,66,0.00,NULL,'2015-09-01 16:58:13','2015-09-09 15:03:38',2,2),(2214,'I9cL00lu2O',47,NULL,NULL,67,0.00,NULL,'2015-09-01 16:58:13','2015-09-09 15:03:38',2,2),(2215,'VJJBVgW1mZ',47,NULL,NULL,94,0.00,NULL,'2015-09-01 16:58:13','2015-09-09 15:03:38',2,2),(2216,'3z74l8ryu9',47,NULL,NULL,95,0.00,NULL,'2015-09-01 16:58:13','2015-09-09 15:03:38',2,2),(2217,'ccipYjpjNs',47,NULL,NULL,96,0.00,NULL,'2015-09-01 16:58:13','2015-09-09 15:03:38',2,2),(2218,'7JbRl78h9u',47,NULL,NULL,97,0.00,NULL,'2015-09-01 16:58:13','2015-09-09 15:03:38',2,2),(2219,'gc3nhpwIX1',47,NULL,NULL,92,0.00,NULL,'2015-09-01 16:58:19','2015-09-04 12:56:27',2,2),(2220,'SaeazcuZvi',47,NULL,NULL,93,0.00,NULL,'2015-09-01 16:58:19','2015-09-04 12:56:27',2,2),(2221,'rD1DvmKDET',47,NULL,NULL,80,0.00,NULL,'2015-09-01 16:58:19','2015-09-04 12:56:27',2,2),(2222,'8U6cioBP6z',47,NULL,NULL,81,0.00,NULL,'2015-09-01 16:58:19','2015-09-04 12:56:27',2,2),(2223,'QYK49khEjM',47,NULL,NULL,82,0.00,NULL,'2015-09-01 16:58:19','2015-09-04 12:56:27',2,2),(2224,'WLqYpVl9zZ',47,NULL,NULL,83,0.00,NULL,'2015-09-01 16:58:19','2015-09-04 12:56:27',2,2),(2225,'3HUaUcyv2F',47,NULL,NULL,87,0.00,NULL,'2015-09-01 16:58:19','2015-09-04 12:56:27',2,2),(2226,'5TEQXNafsu',47,NULL,NULL,91,0.00,NULL,'2015-09-01 16:58:19','2015-09-04 12:56:27',2,2),(2227,'1ogsnFoIPX',47,NULL,NULL,84,0.00,NULL,'2015-09-01 16:58:19','2015-09-04 12:56:27',2,2);
/*!40000 ALTER TABLE `estimate_item` ENABLE KEYS */;
UNLOCK TABLES;

--
-- Table structure for table `item_group`
--

DROP TABLE IF EXISTS `item_group`;
/*!40101 SET @saved_cs_client     = @@character_set_client */;
/*!40101 SET character_set_client = utf8 */;
CREATE TABLE `item_group` (
  `id` int(11) unsigned NOT NULL AUTO_INCREMENT,
  `name` varchar(255) NOT NULL DEFAULT '',
  `description` varchar(255) NOT NULL DEFAULT '',
  PRIMARY KEY (`id`)
) ENGINE=InnoDB AUTO_INCREMENT=8 DEFAULT CHARSET=utf8;
/*!40101 SET character_set_client = @saved_cs_client */;

--
-- Dumping data for table `item_group`
--

LOCK TABLES `item_group` WRITE;
/*!40000 ALTER TABLE `item_group` DISABLE KEYS */;
INSERT INTO `item_group` VALUES (1,'general','General'),(2,'rough_structure','Rough Structure'),(3,'mechanical','Mechanical'),(5,'exterior','Exterior'),(6,'interior','Interior'),(7,'closing','Closing');
/*!40000 ALTER TABLE `item_group` ENABLE KEYS */;
UNLOCK TABLES;

--
-- Table structure for table `partner`
--

DROP TABLE IF EXISTS `partner`;
/*!40101 SET @saved_cs_client     = @@character_set_client */;
/*!40101 SET character_set_client = utf8 */;
CREATE TABLE `partner` (
  `builder_id` int(10) unsigned NOT NULL,
  `partner_id` int(11) unsigned NOT NULL
) ENGINE=InnoDB DEFAULT CHARSET=utf8;
/*!40101 SET character_set_client = @saved_cs_client */;

--
-- Dumping data for table `partner`
--

LOCK TABLES `partner` WRITE;
/*!40000 ALTER TABLE `partner` DISABLE KEYS */;
INSERT INTO `partner` VALUES (1,8),(1,10),(1,11),(1,12),(1,13);
/*!40000 ALTER TABLE `partner` ENABLE KEYS */;
UNLOCK TABLES;

--
-- Table structure for table `project`
--

DROP TABLE IF EXISTS `project`;
/*!40101 SET @saved_cs_client     = @@character_set_client */;
/*!40101 SET character_set_client = utf8 */;
CREATE TABLE `project` (
  `id` int(11) unsigned NOT NULL AUTO_INCREMENT,
  `public_id` varchar(24) NOT NULL,
  `company_id` int(11) unsigned NOT NULL,
  `name` varchar(255) NOT NULL,
  `project_number` int(11) DEFAULT NULL,
  `payment_type` varchar(255) NOT NULL DEFAULT '',
  `overhead` decimal(13,2) DEFAULT NULL,
  `contingency` decimal(13,2) DEFAULT NULL,
  `margin` decimal(13,2) DEFAULT NULL,
  `estimated_cost` decimal(13,2) DEFAULT '0.00',
  `actual_cost` decimal(13,2) DEFAULT '0.00',
  `state` int(11) DEFAULT NULL,
  `start_date` date DEFAULT NULL,
  `end_date` date DEFAULT NULL,
  `basement_sq_ft` int(11) DEFAULT '0',
  `main_floor_sq_ft` int(11) DEFAULT '0',
  `upper_floor_sq_ft` int(11) DEFAULT '0',
  `garage_sq_ft` int(11) DEFAULT '0',
  `plan_filename` varchar(255) DEFAULT NULL,
  `owner_email` varchar(128) DEFAULT NULL,
  `bank_email` varchar(128) DEFAULT NULL,
  `status` enum('Pending','Active','Lost','Completed') NOT NULL DEFAULT 'Pending',
  `datetime_created` datetime NOT NULL DEFAULT '0000-00-00 00:00:00',
  `datetime_modified` datetime NOT NULL DEFAULT '0000-00-00 00:00:00',
  `user_created` int(11) NOT NULL DEFAULT '0',
  `user_modified` int(11) NOT NULL DEFAULT '0',
  PRIMARY KEY (`id`)
) ENGINE=InnoDB AUTO_INCREMENT=49 DEFAULT CHARSET=latin1;
/*!40101 SET character_set_client = @saved_cs_client */;

--
-- Dumping data for table `project`
--

LOCK TABLES `project` WRITE;
/*!40000 ALTER TABLE `project` DISABLE KEYS */;
INSERT INTO `project` VALUES (34,'lwjyPAzreBoj',1,'Jensen Residence',0,'cost_plus',0.00,0.05,0.10,277265.16,125114.03,0,'2014-09-03',NULL,1552,2096,0,1022,NULL,'','','Completed','2014-10-27 23:31:48','2015-09-01 16:52:04',2,2),(39,'VJibrOLKWh',1,'BSFC Remodel',0,'cost_plus',NULL,0.05,0.10,225709.96,NULL,NULL,NULL,NULL,0,6356,0,1607,'1421367788_lcItjJcQ.pdf','','','Completed','2014-10-09 18:32:47','2015-09-01 16:52:21',2,2),(44,'HT18vNsaDA',1,'Red Apple Marketplace',0,'cost_plus',NULL,0.06,0.10,354154.96,NULL,NULL,NULL,NULL,0,12250,0,0,NULL,NULL,NULL,'Lost','2014-10-30 00:07:49','2015-09-01 16:52:14',2,2),(45,'D76BrFsNqC',1,'Watson Addition',0,'cost_plus',NULL,0.05,0.10,155575.80,NULL,NULL,NULL,NULL,1054,1089,0,0,'1423171370_lcItjJcQ.pdf','','','Lost','2015-02-05 21:22:50','2015-09-01 16:52:18',2,2),(46,'eyvLcGKbVK',1,'LawnKeeper',0,'cost_plus',NULL,8.00,10.00,264480.00,NULL,NULL,NULL,NULL,0,5400,0,0,NULL,NULL,NULL,'Lost','2015-04-22 00:02:29','2015-09-01 16:52:10',2,2),(47,'OeKxdyrLSG',1,'Andersen Barn',0,'cost_plus',NULL,0.05,0.12,46609.43,NULL,NULL,NULL,NULL,0,720,0,0,'1441126164_lcItjJcQ.pdf','','','Pending','2015-09-01 16:49:24','2015-09-29 18:21:10',2,2),(48,'SLvpRwr4Pk',1,'Test Run',NULL,'fixed_price',NULL,5.00,0.00,NULL,NULL,NULL,NULL,NULL,NULL,NULL,NULL,NULL,NULL,NULL,NULL,'Pending','2016-04-28 18:53:43','2016-04-28 18:53:43',2,2);
/*!40000 ALTER TABLE `project` ENABLE KEYS */;
UNLOCK TABLES;

--
-- Table structure for table `schedule`
--

DROP TABLE IF EXISTS `schedule`;
/*!40101 SET @saved_cs_client     = @@character_set_client */;
/*!40101 SET character_set_client = utf8 */;
CREATE TABLE `schedule` (
  `id` int(11) unsigned NOT NULL AUTO_INCREMENT,
  `public_id` varchar(32) NOT NULL DEFAULT '',
  `project_id` int(11) NOT NULL,
  PRIMARY KEY (`id`)
) ENGINE=InnoDB DEFAULT CHARSET=utf8;
/*!40101 SET character_set_client = @saved_cs_client */;

--
-- Dumping data for table `schedule`
--

LOCK TABLES `schedule` WRITE;
/*!40000 ALTER TABLE `schedule` DISABLE KEYS */;
/*!40000 ALTER TABLE `schedule` ENABLE KEYS */;
UNLOCK TABLES;

--
-- Table structure for table `schedule_item`
--

DROP TABLE IF EXISTS `schedule_item`;
/*!40101 SET @saved_cs_client     = @@character_set_client */;
/*!40101 SET character_set_client = utf8 */;
CREATE TABLE `schedule_item` (
  `id` int(11) unsigned NOT NULL AUTO_INCREMENT,
  `public_id` varchar(32) NOT NULL DEFAULT '',
  `schedule_id` int(11) NOT NULL,
  `partner_id` int(11) DEFAULT NULL,
  `section_item_id` int(11) NOT NULL,
  `datetime_start` datetime NOT NULL,
  `datetime_end` datetime DEFAULT NULL,
  `datetime_created` datetime NOT NULL DEFAULT '0000-00-00 00:00:00',
  `datetime_modified` datetime NOT NULL DEFAULT '0000-00-00 00:00:00',
  PRIMARY KEY (`id`)
) ENGINE=InnoDB DEFAULT CHARSET=utf8;
/*!40101 SET character_set_client = @saved_cs_client */;

--
-- Dumping data for table `schedule_item`
--

LOCK TABLES `schedule_item` WRITE;
/*!40000 ALTER TABLE `schedule_item` DISABLE KEYS */;
/*!40000 ALTER TABLE `schedule_item` ENABLE KEYS */;
UNLOCK TABLES;

--
-- Table structure for table `section`
--

DROP TABLE IF EXISTS `section`;
/*!40101 SET @saved_cs_client     = @@character_set_client */;
/*!40101 SET character_set_client = utf8 */;
CREATE TABLE `section` (
  `id` int(11) unsigned NOT NULL AUTO_INCREMENT,
  `item_group_id` int(11) unsigned NOT NULL,
  `section_order` int(11) DEFAULT NULL,
  `name` varchar(255) NOT NULL DEFAULT '',
  `description` varchar(255) NOT NULL DEFAULT '',
  PRIMARY KEY (`id`)
) ENGINE=InnoDB AUTO_INCREMENT=41 DEFAULT CHARSET=utf8;
/*!40101 SET character_set_client = @saved_cs_client */;

--
-- Dumping data for table `section`
--

LOCK TABLES `section` WRITE;
/*!40000 ALTER TABLE `section` DISABLE KEYS */;
INSERT INTO `section` VALUES (1,1,1,'engineering_architectural','Engineering & Architectural'),(2,1,2,'permits_fees','Permits & Fees'),(3,2,1,'excavation','Excavation'),(4,2,2,'concrete','Concrete'),(5,2,3,'framing','Framing'),(6,2,4,'doors_windows','Doors & Windows'),(7,3,1,'plumbing','Plumbing'),(8,3,3,'electrical','Electrical'),(9,3,2,'hvac','Heating & Air Conditioning'),(10,3,4,'central_vac','Central Vacuum'),(11,3,5,'sound_system','Sound System'),(12,3,6,'networking','Networking'),(13,3,7,'appliances','Appliances'),(14,6,2,'drywall','Drywall'),(15,6,4,'trim_work','Trim Work'),(16,6,3,'painting','Painting'),(17,6,5,'cabinetry','Cabinetry'),(18,6,6,'countertops','Countertops'),(19,5,1,'masonry_stone','Masonry & Stone'),(20,5,2,'stucco','Stucco'),(21,5,3,'siding','Siding'),(22,5,4,'deck','Deck'),(23,5,5,'roofing','Roofing'),(24,5,6,'gutters','Gutters & Downspouts'),(26,6,1,'insulation','Insulation'),(27,6,6,'floorcoverings','Floorcoverings'),(28,6,7,'bathrooms','Bathrooms'),(29,6,8,'finishes','Finishes'),(33,7,2,'loan_costs','Loan Costs'),(34,7,4,'profit_margin','Profit Margin'),(35,7,3,'real_estate','Real Estate'),(36,1,3,'well_septic','Well & Septic'),(37,7,1,'cleaning','Cleaning'),(39,5,7,'site_work','Site Work'),(40,1,4,'site_requirements','Site Requirements');
/*!40000 ALTER TABLE `section` ENABLE KEYS */;
UNLOCK TABLES;

--
-- Table structure for table `section_detail`
--

DROP TABLE IF EXISTS `section_detail`;
/*!40101 SET @saved_cs_client     = @@character_set_client */;
/*!40101 SET character_set_client = utf8 */;
CREATE TABLE `section_detail` (
  `id` int(11) unsigned NOT NULL AUTO_INCREMENT,
  `section_item_id` int(11) NOT NULL,
  `section_detail_order` int(11) DEFAULT NULL,
  `name` varchar(255) NOT NULL DEFAULT '',
  `description` varchar(255) NOT NULL DEFAULT '',
  PRIMARY KEY (`id`)
) ENGINE=InnoDB AUTO_INCREMENT=22 DEFAULT CHARSET=utf8;
/*!40101 SET character_set_client = @saved_cs_client */;

--
-- Dumping data for table `section_detail`
--

LOCK TABLES `section_detail` WRITE;
/*!40000 ALTER TABLE `section_detail` DISABLE KEYS */;
INSERT INTO `section_detail` VALUES (1,16,NULL,'footing_labor','Footing Labor'),(2,16,NULL,'foundation_labor','Foundation Labor'),(3,16,NULL,'rebar','Rebar'),(4,16,NULL,'foundation_vents','Foundation Vents'),(5,17,NULL,'footing_materials','Footing Materials'),(6,17,NULL,'foundation_materials','Foundation Materials'),(7,18,NULL,'flatwork_labor','Flatwork Labor'),(8,19,NULL,'flatwork_materials','Flatwork Materials'),(9,20,NULL,'floor_package','Floor Package'),(10,20,NULL,'wall_package','Wall Package'),(11,20,NULL,'roof_package','Roof Package'),(12,20,NULL,'pick_up_package','Pick-up'),(13,23,NULL,'exterior_doors','Exterior Doors'),(14,24,NULL,'interior_doors','Interior Doors'),(15,25,NULL,'overhead_doors','Overhead Doors'),(16,26,NULL,'windows','Windows'),(17,22,NULL,'framing_labor','Framing Labor'),(19,57,NULL,'countertops','Countertops'),(20,58,NULL,'masonry_stone','Masonry & Stone'),(21,69,NULL,'floorcoverings','Floorcovering');
/*!40000 ALTER TABLE `section_detail` ENABLE KEYS */;
UNLOCK TABLES;

--
-- Table structure for table `section_item`
--

DROP TABLE IF EXISTS `section_item`;
/*!40101 SET @saved_cs_client     = @@character_set_client */;
/*!40101 SET character_set_client = utf8 */;
CREATE TABLE `section_item` (
  `id` int(11) unsigned NOT NULL AUTO_INCREMENT,
  `section_id` int(11) unsigned NOT NULL,
  `section_item_order` int(11) DEFAULT NULL,
  `name` varchar(255) NOT NULL DEFAULT '',
  `description` varchar(255) NOT NULL DEFAULT '',
  PRIMARY KEY (`id`)
) ENGINE=InnoDB AUTO_INCREMENT=107 DEFAULT CHARSET=utf8;
/*!40101 SET character_set_client = @saved_cs_client */;

--
-- Dumping data for table `section_item`
--

LOCK TABLES `section_item` WRITE;
/*!40000 ALTER TABLE `section_item` DISABLE KEYS */;
INSERT INTO `section_item` VALUES (1,1,NULL,'engineering_services','Engineering Services'),(2,1,NULL,'design_drafting','Design & Drafting'),(3,1,NULL,'copies','Copies'),(4,2,1,'building_permit','Building Permit'),(5,2,2,'septic_sewer_permit','Septic / Sewer Permit'),(6,2,3,'water_permit','Water Permit'),(7,40,NULL,'temp_power','Temporary Power'),(8,40,NULL,'temp_gas','Temporary Gas'),(9,2,7,'liability_ins','Liability Insurance'),(10,2,8,'risk_ins','Builders Risk Insurance'),(11,40,NULL,'portable_toilet','Portable Toilet'),(12,3,NULL,'excavation','Excavation'),(13,3,NULL,'backfill','Backfill'),(14,3,NULL,'sand_gravel','Sand & Gravel'),(15,3,NULL,'finish_grading','Finish Grading'),(16,4,NULL,'foundation_labor','Foundation Labor'),(17,4,NULL,'foundation_materials','Foundation Materials'),(18,4,NULL,'flatwork_labor','Flatwork Labor'),(19,4,NULL,'flatwork_materials','Flatwork Materials'),(20,5,NULL,'rough_lumber','Rough Lumber'),(21,5,NULL,'trusses','Trusses'),(22,5,NULL,'framing_labor','Framing Labor'),(23,6,NULL,'exterior_doors','Exterior Doors'),(24,6,NULL,'interior_doors','Interior Doors'),(25,6,NULL,'overhead_doors','Overhead Doors'),(26,6,NULL,'windows','Windows'),(27,7,NULL,'plumbing_labor_materials','Labor & Materials'),(28,7,NULL,'water_softener','Water Softener'),(29,7,NULL,'plumbing_fixture_allowance','Fixture Allowance'),(30,8,NULL,'labor_materials','Labor & Materials'),(31,8,NULL,'fixture_allowance','Fixture Allowance'),(32,9,NULL,'labor','Labor'),(33,9,NULL,'hvac_equipment','Equipment'),(34,9,NULL,'fireplace','Fireplace'),(35,10,NULL,'rough_in','Rough-In'),(36,10,NULL,'central_vac_equipment','Equipment'),(37,10,NULL,'central_vac_trim','Trim'),(38,11,NULL,'sound_pre_wire','Pre-Wire'),(39,11,NULL,'sound_equipment','Equipment'),(40,11,NULL,'sound_trim','Trim'),(41,12,NULL,'networking_pre_wire','Pre-wire'),(42,12,NULL,'networking_equipment','Equipment'),(43,12,NULL,'installation','Installation'),(44,13,NULL,'refrigerator','Refrigerator'),(45,13,NULL,'dishwasher','Dishwasher'),(46,13,NULL,'range','Range'),(47,13,NULL,'microwave','Microwave'),(48,13,NULL,'other','Other'),(49,14,2,'drywall_material','Material'),(50,14,1,'drywall_labor','Labor'),(51,15,NULL,'trimwork_labor','Labor'),(52,15,NULL,'trimwork_material','Material'),(53,16,NULL,'interior_paint','Interior Paint'),(54,16,NULL,'exterior_paint','Exterior Paint'),(55,17,NULL,'cabinets','Cabinets'),(56,17,NULL,'cabinet_installation','Installation'),(57,18,NULL,'countertops','Countertops'),(58,19,NULL,'masonry_stone','Labor & Material'),(60,20,NULL,'stucco','Labor & Material'),(61,21,NULL,'siding_labor','Labor'),(62,21,NULL,'siding_material','Material'),(63,22,NULL,'deck_labor','Labor'),(64,22,NULL,'deck_material','Material'),(65,23,NULL,'roofing_labor','Labor'),(66,23,NULL,'roofing_matrial','Material'),(67,24,NULL,'gutters','Labor & Material'),(68,26,NULL,'insulation','Labor & Material'),(69,27,NULL,'carpet','Carpet'),(70,28,NULL,'bathroom_mirrors','Mirrors'),(71,28,NULL,'shower_doors','Shower Doors'),(72,28,NULL,'bath_hardware','Bath Hardware'),(73,29,NULL,'finish_hardware','Finish Hardware'),(80,33,NULL,'appraisal','Appraisal'),(81,33,NULL,'title_insurance','Title Insurance'),(82,33,NULL,'origination_fees','Origination Fees'),(83,33,NULL,'loan_interest','Loan Interest'),(84,34,NULL,'overhead','Overhead'),(85,34,NULL,'contingency','Contingency'),(86,34,NULL,'margin','Margin'),(87,35,2,'real_estate_fee','Real Estate Fee'),(88,28,NULL,'tile_shower','Tile Shower'),(89,36,NULL,'water_well','Water Well'),(90,36,NULL,'septic_system','Septic System'),(91,35,1,'lot_land','Lot / Land'),(92,37,NULL,'interior_cleaning','Interior Cleaning'),(93,37,NULL,'exterior_cleaning','Exterior Cleaning'),(94,39,NULL,'sprinkler_system','Sprinkler System'),(95,39,NULL,'fencing','Fencing & Gates'),(96,39,NULL,'landscaping','Landscaping'),(97,39,NULL,'asphalt','Asphalt'),(98,27,NULL,'hardwood','Hardwood'),(99,27,NULL,'hardwood','Hardwood'),(100,27,NULL,'vinyl','Vinyl'),(101,27,NULL,'tile_labor','Tile Labor'),(102,27,NULL,'tile_materials','Tile Materials'),(103,2,5,'electrical_service','Electrical Service'),(104,2,4,'culvert_permit','Culvert Permit'),(105,27,NULL,'backsplash','Backsplash'),(106,2,6,'natural_gas_service','Natural Gas Service');
/*!40000 ALTER TABLE `section_item` ENABLE KEYS */;
UNLOCK TABLES;

--
-- Table structure for table `site_user`
--

DROP TABLE IF EXISTS `site_user`;
/*!40101 SET @saved_cs_client     = @@character_set_client */;
/*!40101 SET character_set_client = utf8 */;
CREATE TABLE `site_user` (
  `id` int(11) unsigned NOT NULL AUTO_INCREMENT,
  `public_id` varchar(24) NOT NULL,
  `company_id` int(11) unsigned DEFAULT NULL,
  `group_id` int(11) unsigned NOT NULL,
  `account_type_id` int(11) unsigned NOT NULL DEFAULT '2',
  `last_name` varchar(100) NOT NULL,
  `first_name` varchar(100) NOT NULL,
  `phone` varchar(50) DEFAULT NULL,
  `address` varchar(255) DEFAULT NULL,
  `city` varchar(255) DEFAULT '',
  `state` varchar(255) DEFAULT '',
  `zip` varchar(255) NOT NULL DEFAULT '',
  `email` varchar(100) NOT NULL DEFAULT '',
  `password` varchar(150) NOT NULL,
  `terms` tinyint(1) NOT NULL DEFAULT '0',
  `privacy` tinyint(1) NOT NULL DEFAULT '0',
  `verified` tinyint(1) NOT NULL DEFAULT '0',
  `datetime_created` datetime NOT NULL DEFAULT '0000-00-00 00:00:00',
  `datetime_modified` datetime NOT NULL DEFAULT '0000-00-00 00:00:00',
  PRIMARY KEY (`id`)
) ENGINE=InnoDB AUTO_INCREMENT=47 DEFAULT CHARSET=latin1;
/*!40101 SET character_set_client = @saved_cs_client */;

--
-- Dumping data for table `site_user`
--

LOCK TABLES `site_user` WRITE;
/*!40000 ALTER TABLE `site_user` DISABLE KEYS */;
INSERT INTO `site_user` VALUES (2,'lcItjJcQ',1,1,1,'Hendershot','Kemish','(208) 250-2488','2632 SW 3 1/2 Ave.','Fruitland','ID','Kemish','kemish@tbcidaho.com','7ed02cc8e39a99a58915815b449bd8c7',1,1,1,'2013-01-17 16:00:58','2016-04-28 17:59:16'),(42,'jmQpOWbcgMKo',1,3,2,'Hansen','Jordan','','','','ID','83616','jahansen@gmail.com','098f6bcd4621d373cade4e832627b4f6',0,0,1,'2013-07-18 22:11:31','2014-10-30 17:56:02'),(43,'OEjJbLlfcibZ',1,2,2,'Hendershot','Kristine','','','Fruitland','ID','83619','krissyhendy@gmail.com','bb060002644b2174ccedb17de4c730177ee23163',0,0,1,'2013-07-18 22:42:11','2013-09-05 11:02:51'),(44,'MtMvoVjQmSSU',1,3,2,'Jensen','Kip','','','Fruitland','ID','83619','kipandmindy@yahoo.com','7107c189f0fc0f2765fed244bb9ddbc8',0,0,1,'2014-07-28 10:19:43','2014-12-08 12:23:06'),(45,'Pjx9buUPf3',1,3,1,'Smith','Jim',NULL,NULL,'Fruitland','ID','83619','jim@thebodyshopfitnesscenters.com','e85202aa77d04d5b05fbb74d08ab858f',1,1,1,'2014-10-29 22:01:29','2014-11-05 08:05:20'),(46,'XrGH4AW57r',1,3,1,'Serano','Kimmie',NULL,NULL,'Fruitland','ID','83619','kimmies@icloud.com','0701bafeae1c48373a5bc782131fdd65',1,1,1,'2014-10-30 15:23:20','2014-10-30 17:58:24');
/*!40000 ALTER TABLE `site_user` ENABLE KEYS */;
UNLOCK TABLES;

--
-- Table structure for table `site_user_group`
--

DROP TABLE IF EXISTS `site_user_group`;
/*!40101 SET @saved_cs_client     = @@character_set_client */;
/*!40101 SET character_set_client = utf8 */;
CREATE TABLE `site_user_group` (
  `id` int(11) unsigned NOT NULL AUTO_INCREMENT,
  `name` varchar(100) NOT NULL,
  PRIMARY KEY (`id`)
) ENGINE=InnoDB AUTO_INCREMENT=4 DEFAULT CHARSET=latin1;
/*!40101 SET character_set_client = @saved_cs_client */;

--
-- Dumping data for table `site_user_group`
--

LOCK TABLES `site_user_group` WRITE;
/*!40000 ALTER TABLE `site_user_group` DISABLE KEYS */;
INSERT INTO `site_user_group` VALUES (1,'Administrator'),(2,'Manager'),(3,'User');
/*!40000 ALTER TABLE `site_user_group` ENABLE KEYS */;
UNLOCK TABLES;

--
-- Table structure for table `site_user_project`
--

DROP TABLE IF EXISTS `site_user_project`;
/*!40101 SET @saved_cs_client     = @@character_set_client */;
/*!40101 SET character_set_client = utf8 */;
CREATE TABLE `site_user_project` (
  `user_id` int(11) unsigned NOT NULL,
  `project_id` int(11) unsigned NOT NULL
) ENGINE=InnoDB DEFAULT CHARSET=latin1;
/*!40101 SET character_set_client = @saved_cs_client */;

--
-- Dumping data for table `site_user_project`
--

LOCK TABLES `site_user_project` WRITE;
/*!40000 ALTER TABLE `site_user_project` DISABLE KEYS */;
INSERT INTO `site_user_project` VALUES (2,34),(2,36),(2,1),(2,39),(2,40),(2,41),(2,42),(2,1),(2,43),(45,39),(2,44),(46,44),(2,45),(2,46),(2,47),(2,1),(44,34),(2,48);
/*!40000 ALTER TABLE `site_user_project` ENABLE KEYS */;
UNLOCK TABLES;

--
-- Table structure for table `state`
--

DROP TABLE IF EXISTS `state`;
/*!40101 SET @saved_cs_client     = @@character_set_client */;
/*!40101 SET character_set_client = utf8 */;
CREATE TABLE `state` (
  `id` int(11) unsigned NOT NULL AUTO_INCREMENT,
  `abbr` varchar(4) NOT NULL DEFAULT '',
  `desc` varchar(50) NOT NULL DEFAULT '',
  `tax_rate` decimal(13,2) NOT NULL DEFAULT '1.00',
  PRIMARY KEY (`id`)
) ENGINE=InnoDB AUTO_INCREMENT=4 DEFAULT CHARSET=utf8;
/*!40101 SET character_set_client = @saved_cs_client */;

--
-- Dumping data for table `state`
--

LOCK TABLES `state` WRITE;
/*!40000 ALTER TABLE `state` DISABLE KEYS */;
INSERT INTO `state` VALUES (1,'AL','Alabama',1.00),(2,'AK','Alaska',1.00),(3,'ID','Idaho ',6.00);
/*!40000 ALTER TABLE `state` ENABLE KEYS */;
UNLOCK TABLES;
/*!40103 SET TIME_ZONE=@OLD_TIME_ZONE */;

/*!40101 SET SQL_MODE=@OLD_SQL_MODE */;
/*!40014 SET FOREIGN_KEY_CHECKS=@OLD_FOREIGN_KEY_CHECKS */;
/*!40014 SET UNIQUE_CHECKS=@OLD_UNIQUE_CHECKS */;
/*!40101 SET CHARACTER_SET_CLIENT=@OLD_CHARACTER_SET_CLIENT */;
/*!40101 SET CHARACTER_SET_RESULTS=@OLD_CHARACTER_SET_RESULTS */;
/*!40101 SET COLLATION_CONNECTION=@OLD_COLLATION_CONNECTION */;
/*!40111 SET SQL_NOTES=@OLD_SQL_NOTES */;

-- Dump completed on 2016-04-28 19:01:57
